,node1,node2
0,AKT1,AKT2
1,AKT1,AKT3
2,AKT1,PDPK1
3,AKT1,PRKCB
4,AKT1,PKN2
5,AKT1,EEF2K
6,AKT1,BCR
7,AKT1,BRD4
8,AKT1,PDK1
9,AKT1,PDK2
10,AKT1,PDK4
11,AKT1,ATM
12,AKT1,ATR
13,AKT1,MTOR
14,AKT1,CAMK2A
15,AKT1,CAMK2D
16,AKT1,CHEK1
17,AKT1,STK11
18,AKT1,MARK2
19,AKT1,MAPKAPK2
20,AKT1,PKD1
21,AKT1,PKD2
22,AKT1,TRIB1
23,AKT1,TRIB3
24,AKT1,KALRN
25,AKT1,CDK1
26,AKT1,CDK2
27,AKT1,CDK4
28,AKT1,CDK6
29,AKT1,GSK3A
30,AKT1,GSK3B
31,AKT1,MAPK3
32,AKT1,MAPK1
33,AKT1,MAPK8
34,AKT1,MAPK9
35,AKT1,MAPK10
36,AKT1,SRPK2
37,AKT1,AURKA
38,AKT1,CSNK2A1
39,AKT1,CHUK
40,AKT1,IKBKB
41,AKT1,TBK1
42,AKT1,PINK1
43,AKT1,EIF2AK3
44,AKT1,PIK3R4
45,AKT1,MAP3K3
46,AKT1,MAP3K6
47,AKT1,GCK
48,AKT1,MST1
49,AKT1,STK4
50,AKT1,STK3
51,AKT1,PAK1
52,AKT1,PKN1
53,AKT1,MAP2K1
54,AKT1,MAP2K2
55,AKT1,MAP2K5
56,AKT1,MAP2K3
57,AKT1,MAP2K4
58,AKT1,MAP3K8
59,AKT1,MAP3K14
60,AKT1,CSK
61,AKT1,EGFR
62,AKT1,EPHA2
63,AKT1,PTK2
64,AKT1,FGFR1
65,AKT1,FGFR4
66,AKT1,IGF1R
67,AKT1,INSR
68,AKT1,JAK1
69,AKT1,JAK3
70,AKT1,MST1R
71,AKT1,CSF1R
72,AKT1,FLT3
73,AKT1,KIT
74,AKT1,PDGFRA
75,AKT1,PDGFRB
76,AKT1,PTK6
77,AKT1,FYN
78,AKT1,SRC
79,AKT1,YES1
80,AKT1,TEK
81,AKT1,NTRK1
82,AKT1,KDR
83,AKT1,IRAK2
84,AKT1,MAP3K11
85,AKT1,BRAF
86,AKT1,ACTR2
87,AKT2,AKT3
88,AKT2,PDPK1
89,AKT2,PDK1
90,AKT2,PDK2
91,AKT2,ATM
92,AKT2,MTOR
93,AKT2,STK11
94,AKT2,MAPK3
95,AKT2,MAPK1
96,AKT2,MAPK10
97,AKT2,CHUK
98,AKT2,IKBKB
99,AKT2,MAP3K5
100,AKT2,MAP2K1
101,AKT2,MAP2K4
102,AKT2,MAP3K8
103,AKT2,MAP3K14
104,AKT2,CSK
105,AKT2,EGFR
106,AKT2,LCK
107,AKT2,LYN
108,AKT2,SRC
109,AKT2,YES1
110,AKT2,ILK
111,AKT2,RAF1
112,AKT3,PDPK1
113,AKT3,ATM
114,AKT3,MTOR
115,AKT3,TRIB3
116,AKT3,MAPK3
117,AKT3,MAPK1
118,AKT3,MAPK8
119,AKT3,CHUK
120,AKT3,MAP3K5
121,AKT3,MAP2K1
122,AKT3,MAP3K8
123,AKT3,MAP3K14
124,AKT3,KIT
125,AKT3,FYN
126,AKT3,LCK
127,AKT3,LYN
128,AKT3,SRC
129,AKT3,ILK
130,ROCK2,ROCK1
131,ROCK2,MAPK3
132,ROCK2,MAPK1
133,ROCK2,MAP2K4
134,ROCK2,JAK2
135,ROCK2,KDR
136,ROCK2,LIMK1
137,ROCK2,RAF1
138,ROCK1,MTOR
139,ROCK1,MAPK3
140,ROCK1,MAPK1
141,ROCK1,MAP2K4
142,ROCK1,EGFR
143,ROCK1,EPHB3
144,ROCK1,KDR
145,CIT,CDK1
146,CIT,BUB1B
147,CIT,BUB1
148,CIT,ACTR2
149,GRK2,GRK5
150,GRK2,GRK6
151,GRK2,PRKCB
152,GRK2,PRKCG
153,GRK2,PRKCD
154,GRK2,CSNK1G2
155,GRK2,EGFR
156,GRK2,INSR
157,GRK2,SRC
158,GRK2,NTRK1
159,GRK3,GRK5
160,GRK3,CSNK1G2
161,GRK4,CHUK
162,GRK5,GRK6
163,GRK5,IKBKB
164,MAST3,MAST4
165,CLASP1,BUB1B
166,CLASP1,BUB1
167,CLASP1,PLK1
168,CLASP1,ABL1
169,CLASP1,INSR
170,MAST1,PLK3
171,MAST1,PLK4
172,MAST1,PLK2
173,MAST1,LRRK2
174,MASTL,RPS6KA1
175,MASTL,CHEK2
176,MASTL,BUB1B
177,MASTL,BUB1
178,MASTL,PLK1
179,MASTL,PLK2
180,MASTL,TTK
181,STK38,MTOR
182,STK38,TP53RK
183,STK38,PLK4
184,STK38,MAP3K2
185,STK38,PAK1
186,STK38,PAK2
187,STK38,STK24
188,STK38,STK26
189,LATS1,LATS2
190,LATS1,MST1
191,LATS1,MAP4K4
192,LATS1,SRC
193,LATS1,LIMK1
194,LATS2,CHEK1
195,LATS2,AURKA
196,LATS2,MAP3K5
197,LATS2,STK4
198,STK38L,CLK3
199,STK38L,STK24
200,PRKACA,PRKX
201,PRKACA,CAMK4
202,PRKACA,SIK2
203,PRKACA,PHKG2
204,PRKACA,CSNK1G2
205,PRKACA,DYRK1B
206,PRKACA,DYRK1A
207,PRKACA,GSK3A
208,PRKACA,GSK3B
209,PRKACA,MAPK3
210,PRKACA,MAPK1
211,PRKACA,AURKA
212,PRKACA,ULK1
213,PRKACA,ULK2
214,PRKACA,MAP3K5
215,PRKACA,MAP2K1
216,PRKACA,MAP2K2
217,PRKACA,EGFR
218,PRKACA,IGF1R
219,PRKACA,RET
220,PRKACA,FYN
221,PRKACA,LRRK2
222,PRKACA,BRAF
223,PDPK1,PRKCE
224,PDPK1,PKN2
225,PDPK1,PKN3
226,PDPK1,RPS6KA3
227,PDPK1,RPS6KA6
228,PDPK1,SGK2
229,PDPK1,SGK3
230,PDPK1,STK32C
231,PDPK1,STK32B
232,PDPK1,STK32A
233,PDPK1,PDK2
234,PDPK1,GSK3A
235,PDPK1,GSK3B
236,PDPK1,MAPK8
237,PDPK1,CHUK
238,PDPK1,PTK2B
239,PDPK1,INSR
240,PDPK1,FYN
241,PDPK1,LCK
242,PDPK1,ILK
243,PDPK1,MAP3K7
244,PRKCA,PRKCD
245,PRKCA,RPS6KA2
246,PRKCA,MTOR
247,PRKCA,PRKD1
248,PRKCA,PRKD2
249,PRKCA,GSK3A
250,PRKCA,MAPK3
251,PRKCA,MAPK1
252,PRKCA,CHUK
253,PRKCA,MAP2K4
254,PRKCA,EGFR
255,PRKCA,PTK2
256,PRKCA,SRC
257,PRKCA,ILK
258,PRKCA,BRAF
259,PRKCB,PRKCG
260,PRKCB,PRKCD
261,PRKCB,PRKCE
262,PRKCB,EEF2K
263,PRKCB,MTOR
264,PRKCB,PRKD1
265,PRKCB,PRKD2
266,PRKCB,GSK3B
267,PRKCB,MAPK3
268,PRKCB,CHUK
269,PRKCB,IKBKB
270,PRKCB,PTK2
271,PRKCB,INSR
272,PRKCB,ARAF
273,PRKCB,RIPK4
274,PRKCB,BMPR2
275,PRKCG,PRKCD
276,PRKCG,PRKCE
277,PRKCG,EEF2K
278,PRKCG,PRKD1
279,PRKCG,TTBK1
280,PRKCG,GSK3A
281,PRKCG,MAPK1
282,PRKCG,PTK2
283,PRKCG,PTK2B
284,PRKCG,RAF1
285,PRKCD,MTOR
286,PRKCD,CAMK2D
287,PRKCD,GSK3A
288,PRKCD,MAPK8
289,PRKCD,MAPK9
290,PRKCD,IKBKB
291,PRKCD,RNASEL
292,PRKCD,ABL1
293,PRKCD,PTK2B
294,PRKCD,FYN
295,PRKCD,ARAF
296,PRKCD,BRAF
297,PRKCD,RIPK4
298,PRKCE,MTOR
299,PRKCE,MYLK4
300,PRKCE,MAPK3
301,PRKCE,MAPK10
302,PRKCE,INSR
303,PRKCE,TYK2
304,PRKCE,BRAF
305,PKN2,PKN1
306,PKN2,LRRK2
307,RPS6KA4,GSK3A
308,RPS6KA4,MAPK1
309,RPS6KA4,MAP2K1
310,RPS6KA1,RPS6KA2
311,RPS6KA1,RPS6KA6
312,RPS6KA1,EEF2K
313,RPS6KA1,MTOR
314,RPS6KA1,GSK3A
315,RPS6KA1,GSK3B
316,RPS6KA1,MAPK3
317,RPS6KA1,MAPK1
318,RPS6KA1,BUB1
319,RPS6KA1,FGFR1
320,RPS6KA3,MAPK3
321,RPS6KA3,FYN
322,RPS6KA2,MTOR
323,RPS6KA2,PKMYT1
324,RPS6KA2,MAP2K1
325,RPS6KA6,MAPK7
326,RPS6KA6,BUB1
327,RSKR,MAP3K1
328,RSKR,MAP3K2
329,RSKR,MAP3K3
330,RSKR,STK24
331,RSKR,MAP3K8
332,RSKR,MAP3K14
333,SGK1,MAPK7
334,SGK1,WNK4
335,SGK2,MTOR
336,SGK2,RAF1
337,SGK3,MOS
338,COQ8B,ADCK1
339,COQ8B,ADCK2
340,COQ8A,ADCK1
341,COQ8A,ADCK2
342,COQ8A,LRRK2
343,ADCK1,AAK1
344,TRPM7,PKD1
345,TRPM7,PKD2
346,TRPM6,PKD2
347,EEF2K,NRBP1
348,BCR,ABL1
349,BCR,EGFR
350,BCR,FES
351,BCR,FGFR1
352,BCR,JAK2
353,BCR,FLT3
354,BCR,HCK
355,BCR,LYN
356,BCR,SRC
357,BRD2,TAF1L
358,BRD2,DAPK1
359,BRD2,CDK8
360,BRD2,CSNK2A2
361,BRD3,TAF1
362,BRD4,TAF1
363,BRD4,TAF1L
364,BRD4,CDK7
365,BRD4,CDK8
366,BRD4,SRPK2
367,BRD4,PLK1
368,BRD4,MAP2K1
369,BCKDK,MAP3K4
370,BCKDK,MAP4K1
371,PDK1,PDK3
372,PDK1,PDK4
373,PDK1,MAP3K4
374,PDK1,ZAP70
375,PDK2,PDK3
376,PDK3,PDK4
377,ATM,TRRAP
378,ATM,STK11
379,ATM,CDK2
380,ATM,CDK5
381,ATM,DYRK2
382,ATM,HIPK2
383,ATM,MAPK3
384,ATM,AURKA
385,ATM,BUB1
386,ATM,CDC7
387,ATM,CHUK
388,ATM,IKBKB
389,ATM,EIF2AK3
390,ATM,PLK1
391,ATM,PLK3
392,ATM,ALK
393,ATM,FGFR2
394,ATM,PDGFRA
395,ATM,ZAP70
396,ATM,RIPK1
397,ATR,MTOR
398,ATR,BUB1
399,ATR,CDC7
400,ATR,PLK1
401,ATR,PKMYT1
402,ATR,WEE1
403,ATR,WEE2
404,MTOR,STK11
405,MTOR,TRIB3
406,MTOR,CDK2
407,MTOR,CDK4
408,MTOR,CDK5
409,MTOR,MAPK1
410,MTOR,CAMKK2
411,MTOR,CHUK
412,MTOR,ERN1
413,MTOR,EIF2AK4
414,MTOR,ULK3
415,MTOR,MAP2K7
416,MTOR,EGFR
417,MTOR,MET
418,MTOR,KIT
419,MTOR,PDGFRA
420,MTOR,PDGFRB
421,MTOR,RET
422,MTOR,NTRK1
423,MTOR,NTRK2
424,MTOR,FLT1
425,MTOR,FLT4
426,MTOR,LRRK2
427,MTOR,ILK
428,MTOR,RAF1
429,SMG1,TRRAP
430,SMG1,CHEK2
431,TRRAP,TAF1L
432,TRRAP,CHEK2
433,TRRAP,PRAG1
434,TRRAP,MAP3K7
435,RIOK1,CSNK2A1
436,RIOK2,TTBK1
437,RIOK2,VRK2
438,RIOK2,CSNK2A1
439,TAF1,TAF1L
440,TAF1,CDK7
441,TRIM24,RET
442,TRIM33,CDK9
443,TRIM33,RET
444,CAMK4,CAMK2A
445,CAMK1D,CAMKK1
446,CAMK2A,MAP2K1
447,CAMK2A,RIPK3
448,CAMK2B,MARK3
449,CAMK2B,RAF1
450,CAMK2G,MAP2K2
451,BRSK2,PKMYT1
452,BRSK1,WEE1
453,CHEK1,CDC7
454,CHEK1,PLK1
455,CHEK1,PBK
456,CHEK1,TTK
457,STK11,MARK1
458,STK11,CAMKK2
459,STK11,ALK
460,STK11,BMPR1A
461,MARK3,SRC
462,MARK3,RAF1
463,MARK2,PINK1
464,MELK,NEK2
465,STK40,VRK3
466,DAPK1,MAPK1
467,DAPK2,MAPK3
468,DAPK3,MAPK1
469,DCLK1,GAK
470,MAPKAPK2,MAPK3
471,PHKG1,PHKG2
472,PIM1,EGFR
473,PKD1,PRKD1
474,PRKD1,PRKD2
475,PKD2,NEK9
476,CHEK2,CDK2
477,CHEK2,MAPK3
478,CHEK2,MAPK1
479,CHEK2,BUB1B
480,CHEK2,WEE2
481,TRIO,PTK2
482,TRIO,SRC
483,KALRN,CDK5
484,TTBK1,MAP3K14
485,CDK1,CDK12
486,CDK1,MAPK6
487,CDK1,CSNK2A1
488,CDK1,PLK4
489,CDK1,PLK2
490,CDK2,MAPK15
491,CDK2,AURKA
492,CDK2,BUB1
493,CDK2,LRRK2
494,CDK3,BUB1
495,CDK4,CDK13
496,CDK4,CDK12
497,CDK6,CDK9
498,PRPF4B,SLTM
499,GSK3B,MAPK1
500,GSK3B,AURKA
501,GSK3B,MAP2K1
502,GSK3B,MAP2K7
503,MAPK3,MAP3K1
504,MAPK3,PAK1
505,MAPK1,MAPK10
506,MAPK1,MAP3K1
507,MAPK1,RET
508,MAPK1,KSR1
509,MAPK1,CNKSR2
510,MAPK4,MAP2K4
511,MAPK7,MAP2K2
512,MAPK7,RAF1
513,MAPK8,EGFR
514,MAPK9,MAP2K6
515,MAPK9,SRC
516,AURKA,PLK3
517,BUB1B,PLK3
518,BUB1B,WEE1
519,BUB1,PLK3
520,HASPIN,PLK1
521,CHUK,MAP3K7
522,IKBKB,EIF2AK4
523,IKBKB,EIF2AK2
524,IKBKB,RIPK1
525,IKBKE,RIPK1
526,ERN2,MAP3K5
527,STK16,MAP2K5
528,BMP2K,EPHB2
529,PINK1,LRRK1
530,RNASEL,EIF2AK2
531,PLK4,PBK
532,PLK4,PKMYT1
533,TTK,EPHB2
534,MYT1,WEE1
535,MAP3K5,MAP3K7
536,MAP4K1,EGFR
537,MST1,MET
538,PAK1,EPHB3
539,PAK1,ILK
540,PAK2,LIMK2
541,PAK4,PAK5
542,PAK5,LIMK1
543,PAK5,RAF1
544,MAP2K2,SRC
545,MAP2K3,LRRK2
546,ABL1,EPHA6
547,ABL2,FLT3
548,ALK,JAK1
549,ALK,JAK2
550,AXL,KDR
551,DDR1,NTRK1
552,EPHA1,EPHB3
553,EPHA2,EPHB3
554,EPHA4,EPHB4
555,EPHA4,FGFR1
556,EPHA8,EPHB3
557,EPHB4,EPHA7
558,PTK2,IGF1R
559,FGFR1,FGFR2
560,FGFR1,NTRK1
561,JAK1,MET
562,JAK1,PDGFRB
563,JAK2,YES1
564,CSF1R,FGR
565,FLT3,LCK
566,KIT,FYN
567,KIT,LCK
568,KIT,SRC
569,SRC,KSR2
570,ACVR1B,ACVR1C
571,PDK4,BCKDK
572,PDK4,PHKG2
573,PDK4,COQ8A
574,PDK4,PDK2
575,CDK18,BRSK1
576,CDK18,WNK2
577,CDK18,NUAK1
578,CDK18,RPS6KA2
579,CDK18,MAP3K10
580,CDK18,PRKCB
581,CDK18,MAP2K4
582,CDK18,MAP4K2
583,CDK18,KSR2
584,CDK18,MAPK3
585,CDK18,PRKCG
586,CDK18,MAPK10
587,CDK18,CAMKK2
588,CDK18,BRAF
589,CDK18,GRK6
590,CDK18,MAPK1
591,CDK18,PTK2B
592,CDK18,MAST3
593,CDK18,PRKCE
594,CDK18,PAK1
595,CDK18,MAP2K1
596,CDK18,STK32C
597,CDK18,CAMK2G
598,CDK18,CAMK2B
599,CDK18,CAMK2A
600,CDK18,CAMK1D
601,CDK18,PDK2
602,PAK4,TRIM28
603,PAK4,CDK1
604,PAK4,CDK9
605,PAK4,TRIM24
606,PAK4,BRD3
607,BRD4,SLTM
608,BRD4,TLK1
609,BRD4,TRRAP
610,BRD4,WNK2
611,BRD4,TAF1
612,BRD4,BRD2
613,BRD4,CDK7
614,BRD4,TRIM28
615,BRD4,CDK11B
616,BRD4,CDK12
617,BRD4,TLK2
618,BRD4,CDK2
619,BRD4,CDK9
620,BRD4,CHEK2
621,BRD4,TRIM24
622,BRD4,TRIM33
623,BRD4,PRPF4
624,BRD4,CDK13
625,BRD4,NR2C2
626,BRD4,PRPF4B
627,BRD4,BRD3
628,BRD4,RERE
629,BRD4,VRK1
630,BRSK1,MARK2
631,BRSK1,CIT
632,BRSK1,MARK4
633,BRSK1,GSK3B
634,BRSK1,GSK3A
635,BRSK1,WNK2
636,BRSK1,EPHA4
637,BRSK1,NUAK1
638,BRSK1,PAK3
639,BRSK1,AKT3
640,BRSK1,CNKSR2
641,BRSK1,MARK3
642,BRSK1,BRSK2
643,BRSK1,RPS6KA2
644,BRSK1,TTBK1
645,BRSK1,GRK3
646,BRSK1,MAP3K10
647,BRSK1,AAK1
648,BRSK1,CAMK1G
649,BRSK1,PRKCB
650,BRSK1,CDKL5
651,BRSK1,MARK1
652,BRSK1,MAP2K4
653,BRSK1,KSR2
654,BRSK1,PRKCG
655,BRSK1,CAMKK1
656,BRSK1,MAPK10
657,BRSK1,CAMKK2
658,BRSK1,PDPK1
659,BRSK1,EPHB2
660,BRSK1,BRAF
661,BRSK1,MAST1
662,BRSK1,ABL2
663,BRSK1,MAST3
664,BRSK1,PRKCE
665,BRSK1,KALRN
666,BRSK1,PAK1
667,BRSK1,CAMK4
668,BRSK1,MAP2K1
669,BRSK1,STK32C
670,BRSK1,CAMK2G
671,BRSK1,CAMK2B
672,BRSK1,CAMK2A
673,BRSK1,BMPR2
674,BRSK1,CAMK1D
675,BRSK1,EPHB6
676,BRSK1,PDK2
677,MTOR,SMG1
678,MTOR,COQ8B
679,MAP3K5,MAP3K6
680,MAP3K5,STK38
681,MAP3K5,JAK1
682,MAP3K5,ACTR2
683,MAP3K5,MAP3K11
684,MAP3K5,PHKG1
685,MAPK9,PRKCA
686,MAPK9,NEK6
687,MAPK9,MAP2K4
688,MAPK9,MAP3K3
689,MAPK9,STK10
690,MAPK9,BTK
691,MAPK9,ILK
692,MAPK9,FER
693,LIMK1,MAPKAPK3
694,LIMK1,MKNK1
695,LIMK1,RIPK2
696,LIMK1,HCK
697,LIMK1,CSK
698,LIMK1,ACTR2
699,LIMK1,MET
700,LIMK1,STK10
701,LIMK1,STK17A
702,LIMK1,FES
703,LIMK1,LYN
704,LIMK1,BTK
705,LIMK1,NRBP1
706,LIMK1,SYK
707,LIMK1,TRIO
708,LIMK1,STK4
709,BCKDK,PDK3
710,BCKDK,PHKG2
711,BCKDK,PDK2
712,MARK2,CIT
713,MARK2,MARK4
714,MARK2,WNK2
715,MARK2,NUAK1
716,MARK2,PAK3
717,MARK2,AKT3
718,MARK2,CNKSR2
719,MARK2,BRSK2
720,MARK2,RPS6KA2
721,MARK2,TTBK1
722,MARK2,GRK3
723,MARK2,MAP3K10
724,MARK2,AAK1
725,MARK2,PRKCB
726,MARK2,CDKL5
727,MARK2,SLK
728,MARK2,KSR2
729,MARK2,PRKCG
730,MARK2,CAMKK1
731,MARK2,MAPK10
732,MARK2,CAMKK2
733,MARK2,PDPK1
734,MARK2,BRAF
735,MARK2,MAST1
736,MARK2,LYN
737,MARK2,MAST3
738,MARK2,PRKCE
739,MARK2,KALRN
740,MARK2,PAK1
741,MARK2,CAMK4
742,MARK2,MAP2K1
743,MARK2,STK32C
744,MARK2,CAMK2G
745,MARK2,CAMK2B
746,MARK2,CAMK2A
747,MARK2,BMPR2
748,MARK2,CAMK1D
749,MARK2,CDC42BPG
750,CIT,MARK4
751,CIT,GSK3A
752,CIT,TRRAP
753,CIT,WNK2
754,CIT,SRPK1
755,CIT,SCYL2
756,CIT,YES1
757,CIT,EPHA4
758,CIT,NUAK1
759,CIT,PAK3
760,CIT,AKT3
761,CIT,CNKSR2
762,CIT,BRD2
763,CIT,BRSK2
764,CIT,RPS6KA2
765,CIT,TTBK1
766,CIT,PBK
767,CIT,MAP3K10
768,CIT,AAK1
769,CIT,CDK7
770,CIT,CAMK1G
771,CIT,PRKCB
772,CIT,CDKL5
773,CIT,MARK1
774,CIT,MAP2K4
775,CIT,CHEK1
776,CIT,CDK12
777,CIT,PRKCG
778,CIT,CAMKK1
779,CIT,PLK1
780,CIT,MAPK10
781,CIT,CDK1
782,CIT,CAMKK2
783,CIT,MASTL
784,CIT,PDPK1
785,CIT,CDK2
786,CIT,CDK9
787,CIT,TTK
788,CIT,ATR
789,CIT,EPHB2
790,CIT,BRAF
791,CIT,MAST1
792,CIT,CHEK2
793,CIT,ABL2
794,CIT,PRPF4
795,CIT,PRKCE
796,CIT,KALRN
797,CIT,PAK1
798,CIT,CAMK4
799,CIT,MAP2K1
800,CIT,STK32C
801,CIT,CAMK2G
802,CIT,CAMK2B
803,CIT,CAMK2A
804,CIT,BMPR2
805,CIT,CAMK1D
806,CIT,EPHB6
807,CIT,RIOK1
808,CIT,VRK1
809,CIT,BUB1B
810,CIT,PDK2
811,TP53RK,RPS6KA3
812,TP53RK,CAMK2D
813,TP53RK,MAP2K2
814,TP53RK,TRIM28
815,TP53RK,CSK
816,MARK4,GSK3A
817,MARK4,WNK2
818,MARK4,EPHA4
819,MARK4,NUAK1
820,MARK4,PAK3
821,MARK4,AKT3
822,MARK4,CNKSR2
823,MARK4,MARK3
824,MARK4,BRSK2
825,MARK4,RPS6KA2
826,MARK4,TTBK1
827,MARK4,GRK3
828,MARK4,MAP3K10
829,MARK4,AAK1
830,MARK4,CAMK1G
831,MARK4,PRKCB
832,MARK4,CDKL5
833,MARK4,MARK1
834,MARK4,MAP2K4
835,MARK4,KSR2
836,MARK4,MAPK3
837,MARK4,PRKCG
838,MARK4,CAMKK1
839,MARK4,MAPK10
840,MARK4,CAMKK2
841,MARK4,FYN
842,MARK4,PDPK1
843,MARK4,BRAF
844,MARK4,MAST1
845,MARK4,ABL2
846,MARK4,MAST3
847,MARK4,PRKCE
848,MARK4,KALRN
849,MARK4,PAK1
850,MARK4,CAMK4
851,MARK4,MAP2K1
852,MARK4,STK32C
853,MARK4,CAMK2G
854,MARK4,ULK3
855,MARK4,CAMK2B
856,MARK4,CAMK2A
857,MARK4,BMPR2
858,MARK4,CAMK1D
859,MARK4,EPHB6
860,MARK4,PDK2
861,GSK3B,PAK3
862,GSK3B,AKT3
863,GSK3B,MARK3
864,GSK3B,BRSK2
865,GSK3B,TTBK1
866,GSK3B,MARK1
867,GSK3B,CLASP1
868,GSK3B,MAST1
869,GSK3B,OXSR1
870,GSK3B,MAP2K1
871,GSK3B,SRPK2
872,GSK3B,NRBP1
873,PKN2,PTK2
874,PKN2,MAP4K4
875,TBK1,ACTR2
876,TBK1,PTK2B
877,TBK1,WNK1
878,GSK3A,NUAK1
879,GSK3A,PAK3
880,GSK3A,CNKSR2
881,GSK3A,BRSK2
882,GSK3A,RPS6KA2
883,GSK3A,TTBK1
884,GSK3A,AAK1
885,GSK3A,CDKL5
886,GSK3A,MARK1
887,GSK3A,CAMKK1
888,GSK3A,CAMKK2
889,GSK3A,BRAF
890,GSK3A,MAST1
891,GSK3A,PRKCE
892,GSK3A,PAK1
893,GSK3A,CAMK4
894,GSK3A,MAP2K1
895,GSK3A,STK32C
896,GSK3A,CAMK2B
897,GSK3A,CAMK2A
898,GSK3A,BMPR2
899,GSK3A,EPHB6
900,SLTM,TRRAP
901,SLTM,MAP2K6
902,SLTM,TAF1
903,SLTM,BRD2
904,SLTM,TRIM28
905,SLTM,CDK11B
906,SLTM,CDK12
907,SLTM,CDK9
908,SLTM,TRIM24
909,SLTM,TRIM33
910,SLTM,PRPF4
911,SLTM,CDK13
912,SLTM,NR2C2
913,SLTM,PRPF4B
914,SLTM,BRD3
915,SLTM,RERE
916,MAP2K3,MAPKAPK3
917,MAP2K3,MLKL
918,MAP2K3,HCK
919,MAP2K3,MAPKAPK2
920,MAP2K3,ACTR2
921,MAP2K3,IRAK4
922,MAP2K3,IKBKB
923,MAP2K3,STK10
924,MAP2K3,PTK2B
925,MAP2K3,FES
926,MAP2K3,LYN
927,MAP2K3,BTK
928,MAP2K3,ILK
929,MAP2K3,SYK
930,MAPKAPK3,BMP2K
931,MAPKAPK3,PKN1
932,MAPKAPK3,PRKCB
933,MAPKAPK3,FGR
934,MAPKAPK3,MLKL
935,MAPKAPK3,HCK
936,MAPKAPK3,ROCK1
937,MAPKAPK3,MAPKAPK2
938,MAPKAPK3,PRKCD
939,MAPKAPK3,ACTR2
940,MAPKAPK3,GRK2
941,MAPKAPK3,IRAK4
942,MAPKAPK3,MAP3K3
943,MAPKAPK3,GRK6
944,MAPKAPK3,STK10
945,MAPKAPK3,PTK2B
946,MAPKAPK3,FES
947,MAPKAPK3,MAST3
948,MAPKAPK3,BTK
949,MAPKAPK3,SYK
950,MAPKAPK3,LRRK2
951,BMP2K,PKN1
952,BMP2K,MKNK1
953,BMP2K,DAPK1
954,BMP2K,PRKCA
955,BMP2K,NEK6
956,BMP2K,RIPK2
957,BMP2K,CSF1R
958,BMP2K,LCK
959,BMP2K,PRKCB
960,BMP2K,JAK1
961,BMP2K,MLKL
962,BMP2K,HCK
963,BMP2K,MAPKAPK2
964,BMP2K,PRKCD
965,BMP2K,CSK
966,BMP2K,ACTR2
967,BMP2K,FYN
968,BMP2K,TGFBR2
969,BMP2K,GRK2
970,BMP2K,IRAK4
971,BMP2K,STK17B
972,BMP2K,MAP3K3
973,BMP2K,JAK3
974,BMP2K,GRK6
975,BMP2K,AXL
976,BMP2K,IKBKB
977,BMP2K,STK10
978,BMP2K,PTK2B
979,BMP2K,FES
980,BMP2K,LYN
981,BMP2K,MAP3K8
982,BMP2K,MAST3
983,BMP2K,RIPK3
984,BMP2K,BTK
985,BMP2K,ILK
986,BMP2K,MAP4K1
987,BMP2K,ZAP70
988,BMP2K,SYK
989,BMP2K,JAK2
990,BMP2K,STK4
991,MAP3K6,STK38
992,MAP3K6,BCR
993,MAP3K6,SLK
994,MAP3K6,ACTR2
995,PKN1,DAPK1
996,PKN1,RPS6KA3
997,PKN1,CSF1R
998,PKN1,LCK
999,PKN1,AAK1
1000,PKN1,PRKCB
1001,PKN1,JAK1
1002,PKN1,HCK
1003,PKN1,PRKCD
1004,PKN1,CSK
1005,PKN1,FYN
1006,PKN1,STK17B
1007,PKN1,MAP3K3
1008,PKN1,JAK3
1009,PKN1,GRK6
1010,PKN1,STK10
1011,PKN1,LRRK1
1012,PKN1,PTK2B
1013,PKN1,FES
1014,PKN1,MAP3K8
1015,PKN1,MAST3
1016,PKN1,RIPK3
1017,PKN1,BTK
1018,PKN1,MAP4K1
1019,PKN1,ZAP70
1020,PKN1,SYK
1021,PKN1,PDGFRB
1022,PKN1,JAK2
1023,PKN1,STK4
1024,MKNK1,CSF1R
1025,MKNK1,MLKL
1026,MKNK1,HCK
1027,MKNK1,PRKCD
1028,MKNK1,ACTR2
1029,MKNK1,FES
1030,MKNK1,RPS6KA1
1031,MKNK1,BTK
1032,MKNK1,DAPK3
1033,MKNK1,SYK
1034,LATS1,MAP3K4
1035,EEF2K,CAMK2D
1036,EEF2K,ARAF
1037,EEF2K,PDPK1
1038,DYRK1A,MAPKAPK2
1039,DYRK1A,NRBP1
1040,EIF2AK4,MAPKAPK2
1041,EIF2AK4,FES
1042,NEK11,STK33
1043,TLK1,TRRAP
1044,TLK1,WEE1
1045,TLK1,TRIM28
1046,TLK1,CDK11B
1047,TLK1,CDK12
1048,TLK1,CLASP1
1049,TLK1,TRIM24
1050,TLK1,PRPF4B
1051,TLK1,BUB1B
1052,TRRAP,WNK2
1053,TRRAP,SRPK1
1054,TRRAP,TAF1
1055,TRRAP,BRD2
1056,TRRAP,PBK
1057,TRRAP,CDK7
1058,TRRAP,WEE1
1059,TRRAP,CHEK1
1060,TRRAP,TRIM28
1061,TRRAP,CDK11B
1062,TRRAP,CDK12
1063,TRRAP,POMK
1064,TRRAP,CDK1
1065,TRRAP,MASTL
1066,TRRAP,MAP3K4
1067,TRRAP,TLK2
1068,TRRAP,CDK2
1069,TRRAP,CDK9
1070,TRRAP,TTK
1071,TRRAP,ATR
1072,TRRAP,CHEK2
1073,TRRAP,TRIM24
1074,TRRAP,TRIM33
1075,TRRAP,PRPF4
1076,TRRAP,CDK13
1077,TRRAP,NR2C2
1078,TRRAP,PRPF4B
1079,TRRAP,BRD3
1080,TRRAP,RIOK1
1081,TRRAP,RERE
1082,TRRAP,VRK1
1083,TRRAP,BUB1B
1084,NTRK2,WNK2
1085,NTRK2,EPHA4
1086,NTRK2,RPS6KA2
1087,NTRK2,MARK1
1088,NTRK2,MAP2K4
1089,NTRK2,MAPK3
1090,NTRK2,MAPK10
1091,NTRK2,BRAF
1092,NTRK2,CASK
1093,NTRK2,CAMK4
1094,NTRK2,STK32C
1095,NTRK2,CAMK2G
1096,NTRK2,CAMK1D
1097,NTRK2,EPHB6
1098,NTRK2,PDK2
1099,SMG1,CSNK2A2
1100,SMG1,CDK1
1101,SMG1,MAP4K4
1102,SMG1,ABL2
1103,SMG1,RPS6KA1
1104,SMG1,BUB1B
1105,WNK2,EPHA4
1106,WNK2,NUAK1
1107,WNK2,PAK3
1108,WNK2,AKT3
1109,WNK2,CNKSR2
1110,WNK2,RPS6KA5
1111,WNK2,BRD2
1112,WNK2,BRSK2
1113,WNK2,RPS6KA2
1114,WNK2,TTBK1
1115,WNK2,GRK3
1116,WNK2,MAP3K10
1117,WNK2,AAK1
1118,WNK2,CAMK1G
1119,WNK2,PRKCB
1120,WNK2,CDKL5
1121,WNK2,MARK1
1122,WNK2,KIT
1123,WNK2,MAP2K4
1124,WNK2,KSR2
1125,WNK2,MAPK3
1126,WNK2,PRKCG
1127,WNK2,CAMKK1
1128,WNK2,MAPK10
1129,WNK2,CDK1
1130,WNK2,CAMKK2
1131,WNK2,FYN
1132,WNK2,PDPK1
1133,WNK2,CDK9
1134,WNK2,TTK
1135,WNK2,ATR
1136,WNK2,BRAF
1137,WNK2,MAST1
1138,WNK2,ABL2
1139,WNK2,PRPF4
1140,WNK2,MAST3
1141,WNK2,PRKCE
1142,WNK2,KALRN
1143,WNK2,PAK1
1144,WNK2,CAMK4
1145,WNK2,MAP2K1
1146,WNK2,STK32C
1147,WNK2,CAMK2G
1148,WNK2,CAMK2B
1149,WNK2,CAMK2A
1150,WNK2,BMPR2
1151,WNK2,CAMK1D
1152,WNK2,EPHB6
1153,WNK2,PDK2
1154,SRPK1,BRD2
1155,SRPK1,PBK
1156,SRPK1,CHEK1
1157,SRPK1,TRIM28
1158,SRPK1,CDK12
1159,SRPK1,POMK
1160,SRPK1,PLK1
1161,SRPK1,CDK1
1162,SRPK1,TLK2
1163,SRPK1,CDK2
1164,SRPK1,TTK
1165,SRPK1,CHEK2
1166,SRPK1,TRIM24
1167,SRPK1,PRPF4
1168,SRPK1,PRPF4B
1169,SRPK1,RIOK1
1170,SRPK1,VRK1
1171,SRPK1,BUB1B
1172,DAPK1,NEK6
1173,DAPK1,CSF1R
1174,DAPK1,LCK
1175,DAPK1,PRKCB
1176,DAPK1,JAK1
1177,DAPK1,PRKCD
1178,DAPK1,FYN
1179,DAPK1,JAK3
1180,DAPK1,STK10
1181,DAPK1,PTK2B
1182,DAPK1,FES
1183,DAPK1,MAP3K8
1184,DAPK1,RIPK3
1185,DAPK1,BTK
1186,DAPK1,ILK
1187,DAPK1,MAP4K1
1188,DAPK1,ZAP70
1189,DAPK1,STK4
1190,MAP2K6,TRIM28
1191,PKD2,ARAF
1192,PKD2,ROR2
1193,PKD2,IRAK4
1194,PKD2,ANTXR1
1195,PKD2,IKBKB
1196,PKD2,DAPK3
1197,PKD2,ILK
1198,PKD2,RIPK1
1199,PKD2,PTK7
1200,PKD2,PDGFRB
1201,PDK3,PRKCA
1202,PDK3,PDK1
1203,PDK3,CASK
1204,PDK3,PDK2
1205,MST1R,FGR
1206,MST1R,JAK1
1207,MST1R,GRK2
1208,MST1R,IRAK3
1209,MST1R,FES
1210,MST1R,GAK
1211,PRKCA,YES1
1212,PRKCA,NEK6
1213,PRKCA,AKT3
1214,PRKCA,CSF1R
1215,PRKCA,STK38L
1216,PRKCA,ROCK1
1217,PRKCA,SPEG
1218,PRKCA,CAMKK1
1219,PRKCA,ROR2
1220,PRKCA,ACTR2
1221,PRKCA,FYN
1222,PRKCA,TGFBR2
1223,PRKCA,MAP4K4
1224,PRKCA,STK17B
1225,PRKCA,AXL
1226,PRKCA,FES
1227,PRKCA,MAP3K8
1228,PRKCA,MAP3K20
1229,PRKCA,NEK7
1230,PRKCA,DAPK3
1231,PRKCA,ILK
1232,PRKCA,CAMK2G
1233,PRKCA,GRK5
1234,PRKCA,PDGFRB
1235,PRKCA,DCLK1
1236,PRKCA,FER
1237,SRM,TRIM28
1238,SRM,CSK
1239,SRM,JAK3
1240,SRM,GRK6
1241,SRM,MAP4K1
1242,SRM,STK4
1243,CSNK2A2,DDR1
1244,SCYL2,AAK1
1245,SCYL2,POMK
1246,SCYL2,CDK9
1247,SCYL2,CHEK2
1248,SCYL2,TRIM24
1249,SCYL2,GAK
1250,RPS6KA3,PRKCB
1251,RPS6KA3,MAP2K2
1252,RPS6KA3,HCK
1253,RPS6KA3,ARAF
1254,RPS6KA3,MAPKAPK2
1255,RPS6KA3,CSK
1256,RPS6KA3,CDK6
1257,RPS6KA3,ACTR2
1258,RPS6KA3,STK17B
1259,RPS6KA3,RPS6KA4
1260,RPS6KA3,MAPK1
1261,RPS6KA3,TRIM24
1262,RPS6KA3,LYN
1263,RPS6KA3,CASK
1264,RPS6KA3,RPS6KA1
1265,RPS6KA3,ILK
1266,RPS6KA3,RIPK1
1267,RPS6KA3,ZAP70
1268,RPS6KA3,STK4
1269,YES1,JAK1
1270,YES1,POMK
1271,YES1,FYN
1272,YES1,CDK8
1273,YES1,LYN
1274,YES1,DDR1
1275,YES1,EPHB4
1276,EPHA4,PAK3
1277,EPHA4,CNKSR2
1278,EPHA4,BRSK2
1279,EPHA4,RPS6KA2
1280,EPHA4,TTBK1
1281,EPHA4,MAP3K10
1282,EPHA4,AAK1
1283,EPHA4,CAMK1G
1284,EPHA4,PRKCB
1285,EPHA4,BCR
1286,EPHA4,CDKL5
1287,EPHA4,MARK1
1288,EPHA4,MAP2K4
1289,EPHA4,PRKCG
1290,EPHA4,CAMKK1
1291,EPHA4,MAPK10
1292,EPHA4,CAMKK2
1293,EPHA4,FYN
1294,EPHA4,BRAF
1295,EPHA4,MAST1
1296,EPHA4,ABL2
1297,EPHA4,PRKCE
1298,EPHA4,KALRN
1299,EPHA4,PAK1
1300,EPHA4,CAMK4
1301,EPHA4,MAP2K1
1302,EPHA4,STK32C
1303,EPHA4,CAMK2G
1304,EPHA4,CAMK2B
1305,EPHA4,CAMK2A
1306,EPHA4,BMPR2
1307,EPHA4,CAMK1D
1308,EPHA4,EPHB6
1309,EPHA4,PDK2
1310,AKT2,CAMK2D
1311,AKT2,MAP2K4
1312,AKT2,MAPK3
1313,AKT2,SPEG
1314,AKT2,STK17A
1315,AKT2,ILK
1316,AKT2,CAMK2G
1317,AKT2,MAP3K7
1318,TAF1,BRD2
1319,TAF1,NR2C2
1320,TAF1,BRD3
1321,TAF1,RERE
1322,STK38,ACTR2
1323,STK38,STK10
1324,STK38,BTK
1325,STK38,RIPK1
1326,STK38,STK4
1327,NUAK1,PAK3
1328,NUAK1,AKT3
1329,NUAK1,CNKSR2
1330,NUAK1,BRSK2
1331,NUAK1,RPS6KA2
1332,NUAK1,TTBK1
1333,NUAK1,GRK3
1334,NUAK1,MAP3K10
1335,NUAK1,AAK1
1336,NUAK1,CAMK1G
1337,NUAK1,PRKCB
1338,NUAK1,CDKL5
1339,NUAK1,MAP2K4
1340,NUAK1,KSR2
1341,NUAK1,PRKCG
1342,NUAK1,CAMKK1
1343,NUAK1,MAPK10
1344,NUAK1,CAMKK2
1345,NUAK1,PDPK1
1346,NUAK1,BRAF
1347,NUAK1,MAST1
1348,NUAK1,MAST3
1349,NUAK1,PRKCE
1350,NUAK1,PAK1
1351,NUAK1,CAMK4
1352,NUAK1,MAP2K1
1353,NUAK1,STK32C
1354,NUAK1,CAMK2G
1355,NUAK1,CAMK2B
1356,NUAK1,CAMK2A
1357,NUAK1,BMPR2
1358,NUAK1,CAMK1D
1359,NUAK1,PDK2
1360,NEK6,ABL1
1361,NEK6,CSF1R
1362,NEK6,JAK1
1363,NEK6,ACTR2
1364,NEK6,TGFBR2
1365,NEK6,GRK2
1366,NEK6,STK17B
1367,NEK6,MAP3K3
1368,NEK6,IRAK3
1369,NEK6,STK10
1370,NEK6,FES
1371,NEK6,MAP3K8
1372,NEK6,BTK
1373,NEK6,ILK
1374,NEK6,MAP4K1
1375,NEK6,STK4
1376,PAK3,AKT3
1377,PAK3,CNKSR2
1378,PAK3,MARK3
1379,PAK3,BRSK2
1380,PAK3,RPS6KA2
1381,PAK3,TTBK1
1382,PAK3,GRK3
1383,PAK3,MAP3K10
1384,PAK3,AAK1
1385,PAK3,CAMK1G
1386,PAK3,PRKCB
1387,PAK3,CDKL5
1388,PAK3,MARK1
1389,PAK3,MAP2K4
1390,PAK3,KSR2
1391,PAK3,PRKCG
1392,PAK3,CAMKK1
1393,PAK3,MAPK10
1394,PAK3,CAMKK2
1395,PAK3,PDPK1
1396,PAK3,EPHB2
1397,PAK3,BRAF
1398,PAK3,MAST1
1399,PAK3,ABL2
1400,PAK3,MAST3
1401,PAK3,PRKCE
1402,PAK3,KALRN
1403,PAK3,PAK1
1404,PAK3,CAMK4
1405,PAK3,MAP2K1
1406,PAK3,STK32C
1407,PAK3,CAMK2G
1408,PAK3,CAMK2B
1409,PAK3,CAMK2A
1410,PAK3,BMPR2
1411,PAK3,CAMK1D
1412,PAK3,EPHB6
1413,PAK3,PDK2
1414,ABL1,AKT3
1415,ABL1,MAP4K4
1416,ABL1,ANTXR1
1417,ABL1,MAP3K20
1418,ABL1,DAPK3
1419,ABL1,ILK
1420,ABL1,GRK5
1421,ABL1,PDGFRB
1422,ABL1,TRIO
1423,ABL1,FER
1424,EPHA2,SLK
1425,EPHA2,ANTXR1
1426,EPHA2,STK17A
1427,EPHA2,RPS6KA1
1428,EPHA2,PTK6
1429,AKT3,CNKSR2
1430,AKT3,BRSK2
1431,AKT3,TTBK1
1432,AKT3,AAK1
1433,AKT3,PRKCB
1434,AKT3,STK38L
1435,AKT3,CDKL5
1436,AKT3,MAP2K4
1437,AKT3,PRKD1
1438,AKT3,ROCK1
1439,AKT3,SPEG
1440,AKT3,PRKCG
1441,AKT3,CAMKK1
1442,AKT3,CDK6
1443,AKT3,MAPK10
1444,AKT3,CAMKK2
1445,AKT3,PDPK1
1446,AKT3,BRAF
1447,AKT3,MAST1
1448,AKT3,MAP3K20
1449,AKT3,PRKCE
1450,AKT3,PAK1
1451,AKT3,CAMK4
1452,AKT3,DAPK3
1453,AKT3,SNRK
1454,AKT3,MAP2K1
1455,AKT3,STK32C
1456,AKT3,ILK
1457,AKT3,CAMK2G
1458,AKT3,MAPK8
1459,AKT3,GRK5
1460,AKT3,PDGFRB
1461,AKT3,CAMK2B
1462,AKT3,CAMK2A
1463,AKT3,BMPR2
1464,AKT3,DCLK1
1465,AKT3,CAMK1D
1466,AKT3,TRIO
1467,AKT3,FER
1468,AKT3,PDK2
1469,RIPK2,LCK
1470,RIPK2,PRKCB
1471,RIPK2,MLKL
1472,RIPK2,HCK
1473,RIPK2,PRKCD
1474,RIPK2,ACTR2
1475,RIPK2,TTK
1476,RIPK2,STK17B
1477,RIPK2,JAK3
1478,RIPK2,AXL
1479,RIPK2,STK10
1480,RIPK2,PTK2B
1481,RIPK2,LYN
1482,RIPK2,MAP3K8
1483,RIPK2,MAST3
1484,RIPK2,RIPK3
1485,RIPK2,BTK
1486,RIPK2,STK26
1487,RIPK2,MAP4K1
1488,RIPK2,NRBP1
1489,RIPK2,WNK1
1490,RIPK2,JAK2
1491,RIPK2,STK4
1492,RIPK2,IKBKE
1493,PRAG1,ACTR2
1494,PRAG1,ILK
1495,CROT,RNASEL
1496,CSF1R,LCK
1497,CSF1R,PRKCB
1498,CSF1R,FGR
1499,CSF1R,PDGFRA
1500,CSF1R,JAK1
1501,CSF1R,HCK
1502,CSF1R,PRKCD
1503,CSF1R,ACTR2
1504,CSF1R,FYN
1505,CSF1R,GRK2
1506,CSF1R,RPS6KA4
1507,CSF1R,AXL
1508,CSF1R,STK10
1509,CSF1R,PTK2B
1510,CSF1R,FES
1511,CSF1R,MAP3K8
1512,CSF1R,RPS6KA1
1513,CSF1R,NEK7
1514,CSF1R,BTK
1515,CSF1R,ZAP70
1516,CSF1R,SYK
1517,CSF1R,PDGFRB
1518,CSF1R,JAK2
1519,CAMK2D,MAP2K2
1520,CAMK2D,PTK2
1521,CAMK2D,SPEG
1522,CAMK2D,PDPK1
1523,CAMK2D,MAPK1
1524,CAMK2D,MAP3K20
1525,CAMK2D,RPS6KA1
1526,CAMK2D,ILK
1527,CNKSR2,BRSK2
1528,CNKSR2,RPS6KA2
1529,CNKSR2,TTBK1
1530,CNKSR2,MAP3K10
1531,CNKSR2,AAK1
1532,CNKSR2,CAMK1G
1533,CNKSR2,PRKCB
1534,CNKSR2,CDKL5
1535,CNKSR2,MARK1
1536,CNKSR2,MAP2K4
1537,CNKSR2,KSR2
1538,CNKSR2,PRKCG
1539,CNKSR2,CAMKK1
1540,CNKSR2,MAPK10
1541,CNKSR2,CAMKK2
1542,CNKSR2,PDPK1
1543,CNKSR2,BRAF
1544,CNKSR2,MAST1
1545,CNKSR2,ABL2
1546,CNKSR2,MAST3
1547,CNKSR2,PRKCE
1548,CNKSR2,KALRN
1549,CNKSR2,PAK1
1550,CNKSR2,CAMK4
1551,CNKSR2,MAP2K1
1552,CNKSR2,STK32C
1553,CNKSR2,CAMK2G
1554,CNKSR2,CAMK2B
1555,CNKSR2,CAMK2A
1556,CNKSR2,BMPR2
1557,CNKSR2,CAMK1D
1558,CNKSR2,EPHB6
1559,CNKSR2,PDK2
1560,RPS6KA5,SLK
1561,RPS6KA5,CAMKK1
1562,RPS6KA5,MAST1
1563,RPS6KA5,PRKCE
1564,RPS6KA5,PHKG2
1565,RPS6KA5,NEK9
1566,RPS6KA5,DAPK2
1567,RPS6KA5,VRK1
1568,MARK3,BRSK2
1569,MARK3,RPS6KA2
1570,MARK3,TTBK1
1571,MARK3,MARK1
1572,MARK3,AKT1
1573,MARK3,EPHB2
1574,MARK3,MAST1
1575,MARK3,ABL2
1576,MARK3,PRKCE
1577,MARK3,CAMK4
1578,MARK3,CAMK1D
1579,MARK3,KSR1
1580,MARK3,NEK9
1581,BRD2,CDK7
1582,BRD2,WEE1
1583,BRD2,CHEK1
1584,BRD2,TRIM28
1585,BRD2,CDK11B
1586,BRD2,CDK12
1587,BRD2,CDK1
1588,BRD2,TLK2
1589,BRD2,CDK2
1590,BRD2,CDK9
1591,BRD2,TTK
1592,BRD2,CHEK2
1593,BRD2,CDK8
1594,BRD2,CSNK2A1
1595,BRD2,TRIM24
1596,BRD2,TRIM33
1597,BRD2,PRPF4
1598,BRD2,CDK13
1599,BRD2,NR2C2
1600,BRD2,PRPF4B
1601,BRD2,RIOK1
1602,BRD2,RERE
1603,BRD2,VRK1
1604,BRD2,BUB1B
1605,BRSK2,RPS6KA2
1606,BRSK2,TTBK1
1607,BRSK2,GRK3
1608,BRSK2,MAP3K10
1609,BRSK2,AAK1
1610,BRSK2,CAMK1G
1611,BRSK2,PRKCB
1612,BRSK2,CDKL5
1613,BRSK2,MARK1
1614,BRSK2,MAP2K4
1615,BRSK2,KSR2
1616,BRSK2,PRKCG
1617,BRSK2,CAMKK1
1618,BRSK2,MAPK10
1619,BRSK2,CAMKK2
1620,BRSK2,PDPK1
1621,BRSK2,EPHB2
1622,BRSK2,BRAF
1623,BRSK2,MAST1
1624,BRSK2,ABL2
1625,BRSK2,MAST3
1626,BRSK2,PRKCE
1627,BRSK2,KALRN
1628,BRSK2,PAK1
1629,BRSK2,CAMK4
1630,BRSK2,MAP2K1
1631,BRSK2,STK32C
1632,BRSK2,CAMK2G
1633,BRSK2,CAMK2B
1634,BRSK2,CAMK2A
1635,BRSK2,BMPR2
1636,BRSK2,CAMK1D
1637,BRSK2,KSR1
1638,BRSK2,EPHB6
1639,BRSK2,PDK2
1640,RPS6KA2,TTBK1
1641,RPS6KA2,GRK3
1642,RPS6KA2,MAP3K10
1643,RPS6KA2,AAK1
1644,RPS6KA2,CAMK1G
1645,RPS6KA2,PRKCB
1646,RPS6KA2,CDKL5
1647,RPS6KA2,MARK1
1648,RPS6KA2,MAP2K4
1649,RPS6KA2,KSR2
1650,RPS6KA2,MAPK3
1651,RPS6KA2,PRKCG
1652,RPS6KA2,CAMKK1
1653,RPS6KA2,MAPK10
1654,RPS6KA2,CAMKK2
1655,RPS6KA2,FYN
1656,RPS6KA2,PDPK1
1657,RPS6KA2,BRAF
1658,RPS6KA2,MAST1
1659,RPS6KA2,ABL2
1660,RPS6KA2,MAST3
1661,RPS6KA2,PRKCE
1662,RPS6KA2,KALRN
1663,RPS6KA2,PAK1
1664,RPS6KA2,CAMK4
1665,RPS6KA2,MAP2K1
1666,RPS6KA2,STK32C
1667,RPS6KA2,CAMK2G
1668,RPS6KA2,CAMK2B
1669,RPS6KA2,CAMK2A
1670,RPS6KA2,BMPR2
1671,RPS6KA2,CAMK1D
1672,RPS6KA2,EPHB6
1673,RPS6KA2,PDK2
1674,TTBK1,GRK3
1675,TTBK1,MAP3K10
1676,TTBK1,AAK1
1677,TTBK1,CAMK1G
1678,TTBK1,PRKCB
1679,TTBK1,CDKL5
1680,TTBK1,MARK1
1681,TTBK1,MAP2K4
1682,TTBK1,PRKCG
1683,TTBK1,CAMKK1
1684,TTBK1,MAPK10
1685,TTBK1,CAMKK2
1686,TTBK1,PDPK1
1687,TTBK1,EPHB2
1688,TTBK1,BRAF
1689,TTBK1,MAST1
1690,TTBK1,ABL2
1691,TTBK1,MAST3
1692,TTBK1,PRKCE
1693,TTBK1,KALRN
1694,TTBK1,PAK1
1695,TTBK1,CAMK4
1696,TTBK1,MAP2K1
1697,TTBK1,STK32C
1698,TTBK1,CAMK2G
1699,TTBK1,CAMK2B
1700,TTBK1,CAMK2A
1701,TTBK1,BMPR2
1702,TTBK1,CAMK1D
1703,TTBK1,EPHB6
1704,TTBK1,PDK2
1705,PBK,FLT1
1706,PBK,CHEK1
1707,PBK,CDK12
1708,PBK,PLK1
1709,PBK,CDK1
1710,PBK,MASTL
1711,PBK,PDK1
1712,PBK,CDK2
1713,PBK,TTK
1714,PBK,CHEK2
1715,PBK,TRIM24
1716,PBK,PRPF4
1717,PBK,STK26
1718,PBK,RIOK1
1719,PBK,VRK1
1720,PBK,BUB1B
1721,LCK,PRKCB
1722,LCK,ATM
1723,LCK,JAK1
1724,LCK,MLKL
1725,LCK,HCK
1726,LCK,PRKCD
1727,LCK,CSK
1728,LCK,CDK6
1729,LCK,FYN
1730,LCK,GRK2
1731,LCK,STK17B
1732,LCK,MAP3K3
1733,LCK,JAK3
1734,LCK,PRKD2
1735,LCK,GRK6
1736,LCK,AXL
1737,LCK,STK10
1738,LCK,LRRK1
1739,LCK,PTK2B
1740,LCK,MAP3K8
1741,LCK,MAST3
1742,LCK,RIPK3
1743,LCK,TYK2
1744,LCK,CAMK4
1745,LCK,BTK
1746,LCK,ILK
1747,LCK,MAP4K1
1748,LCK,GAK
1749,LCK,ZAP70
1750,LCK,SYK
1751,LCK,PDGFRB
1752,LCK,JAK2
1753,LCK,STK4
1754,LCK,IKBKE
1755,GRK3,MAP3K10
1756,GRK3,AAK1
1757,GRK3,PRKCB
1758,GRK3,CDKL5
1759,GRK3,MAP2K4
1760,GRK3,PRKCG
1761,GRK3,CAMKK1
1762,GRK3,CAMKK2
1763,GRK3,PDPK1
1764,GRK3,BRAF
1765,GRK3,STK10
1766,GRK3,MAST3
1767,GRK3,PRKCE
1768,GRK3,PAK1
1769,GRK3,CAMK4
1770,GRK3,BTK
1771,GRK3,STK32C
1772,GRK3,CAMK2B
1773,GRK3,CAMK2A
1774,GRK3,CAMK1D
1775,GRK3,EPHB6
1776,GRK3,PDK2
1777,MAP3K10,AAK1
1778,MAP3K10,CAMK1G
1779,MAP3K10,PRKCB
1780,MAP3K10,CDKL5
1781,MAP3K10,MAP2K4
1782,MAP3K10,PRKCG
1783,MAP3K10,CAMKK1
1784,MAP3K10,MAPK10
1785,MAP3K10,CAMKK2
1786,MAP3K10,BRAF
1787,MAP3K10,MAST1
1788,MAP3K10,ABL2
1789,MAP3K10,MAST3
1790,MAP3K10,PRKCE
1791,MAP3K10,KALRN
1792,MAP3K10,PAK1
1793,MAP3K10,CAMK4
1794,MAP3K10,MAP2K1
1795,MAP3K10,STK32C
1796,MAP3K10,CAMK2G
1797,MAP3K10,CAMK2B
1798,MAP3K10,CAMK2A
1799,MAP3K10,BMPR2
1800,MAP3K10,CAMK1D
1801,MAP3K10,EPHB6
1802,MAP3K10,PDK2
1803,AAK1,CAMK1G
1804,AAK1,PRKCB
1805,AAK1,CDKL5
1806,AAK1,CDK17
1807,AAK1,MARK1
1808,AAK1,MAP2K4
1809,AAK1,ROCK1
1810,AAK1,MAPKAPK2
1811,AAK1,PRKCG
1812,AAK1,CAMKK1
1813,AAK1,MAPK10
1814,AAK1,CAMKK2
1815,AAK1,ACTR2
1816,AAK1,PDPK1
1817,AAK1,BRAF
1818,AAK1,MAST1
1819,AAK1,PTK2B
1820,AAK1,FES
1821,AAK1,MAST3
1822,AAK1,PRKCE
1823,AAK1,KALRN
1824,AAK1,PAK1
1825,AAK1,CAMK4
1826,AAK1,DAPK3
1827,AAK1,SNRK
1828,AAK1,MAP2K1
1829,AAK1,STK32C
1830,AAK1,CAMK2G
1831,AAK1,CAMK2B
1832,AAK1,WNK1
1833,AAK1,CAMK2A
1834,AAK1,BMPR2
1835,AAK1,CAMK1D
1836,AAK1,TRIO
1837,AAK1,EPHB6
1838,AAK1,FER
1839,AAK1,PDK2
1840,CDK7,ATM
1841,CDK7,CDK11B
1842,CDK7,CDK12
1843,CDK7,CDK1
1844,CDK7,CDK2
1845,CDK7,CDK9
1846,CDK7,ATR
1847,CDK7,PRPF4
1848,CDK7,CDK13
1849,CDK7,PRPF4B
1850,CDK7,BUB1B
1851,CAMK1G,PRKCB
1852,CAMK1G,CDKL5
1853,CAMK1G,MAP2K4
1854,CAMK1G,KSR2
1855,CAMK1G,PRKCG
1856,CAMK1G,CAMKK1
1857,CAMK1G,MAPK10
1858,CAMK1G,CAMKK2
1859,CAMK1G,BRAF
1860,CAMK1G,MAST3
1861,CAMK1G,PRKCE
1862,CAMK1G,KALRN
1863,CAMK1G,PAK1
1864,CAMK1G,CAMK4
1865,CAMK1G,MAP2K1
1866,CAMK1G,STK32C
1867,CAMK1G,CAMK2G
1868,CAMK1G,CAMK2B
1869,CAMK1G,CAMK2A
1870,CAMK1G,EPHB6
1871,CAMK1G,PDK2
1872,PRKCB,FGR
1873,PRKCB,CDKL5
1874,PRKCB,JAK1
1875,PRKCB,MLKL
1876,PRKCB,SLK
1877,PRKCB,HCK
1878,PRKCB,MAP2K4
1879,PRKCB,KSR2
1880,PRKCB,ROCK1
1881,PRKCB,MAPK3
1882,PRKCB,MAPKAPK2
1883,PRKCB,PRKCG
1884,PRKCB,PRKCD
1885,PRKCB,CAMKK1
1886,PRKCB,CSK
1887,PRKCB,MAPK10
1888,PRKCB,CAMKK2
1889,PRKCB,ACTR2
1890,PRKCB,FYN
1891,PRKCB,TGFBR2
1892,PRKCB,GRK2
1893,PRKCB,PDPK1
1894,PRKCB,STK17B
1895,PRKCB,BRAF
1896,PRKCB,MAP3K3
1897,PRKCB,JAK3
1898,PRKCB,PRKD2
1899,PRKCB,GRK6
1900,PRKCB,IRAK3
1901,PRKCB,MAST1
1902,PRKCB,AXL
1903,PRKCB,STK10
1904,PRKCB,LRRK1
1905,PRKCB,PTK2B
1906,PRKCB,FES
1907,PRKCB,LYN
1908,PRKCB,MAP3K8
1909,PRKCB,MAST3
1910,PRKCB,PRKCE
1911,PRKCB,KALRN
1912,PRKCB,NEK7
1913,PRKCB,PAK1
1914,PRKCB,RIPK3
1915,PRKCB,CAMK4
1916,PRKCB,BTK
1917,PRKCB,DAPK3
1918,PRKCB,SNRK
1919,PRKCB,MAP2K1
1920,PRKCB,STK32C
1921,PRKCB,ILK
1922,PRKCB,STK26
1923,PRKCB,MAP4K1
1924,PRKCB,CAMK2G
1925,PRKCB,TEK
1926,PRKCB,ZAP70
1927,PRKCB,SYK
1928,PRKCB,GRK5
1929,PRKCB,PDGFRB
1930,PRKCB,CAMK2B
1931,PRKCB,WNK1
1932,PRKCB,CAMK2A
1933,PRKCB,BMPR2
1934,PRKCB,CAMK1D
1935,PRKCB,EPHB6
1936,PRKCB,LRRK2
1937,PRKCB,DAPK2
1938,PRKCB,JAK2
1939,PRKCB,STK4
1940,PRKCB,PDK2
1941,PRKCB,IKBKE
1942,FGR,JAK1
1943,FGR,FLT1
1944,FGR,HCK
1945,FGR,PRKCD
1946,FGR,CAMKK2
1947,FGR,ACTR2
1948,FGR,GRK2
1949,FGR,GRK6
1950,FGR,IRAK3
1951,FGR,IKBKB
1952,FGR,STK10
1953,FGR,LRRK1
1954,FGR,PTK2B
1955,FGR,FES
1956,FGR,LYN
1957,FGR,MAP3K8
1958,FGR,MAST3
1959,FGR,BTK
1960,FGR,SYK
1961,FGR,LRRK2
1962,FGR,DAPK2
1963,FGR,STK4
1964,ATM,CAMK4
1965,ATM,MAP4K1
1966,ATM,ZAP70
1967,STK38L,MAPK4
1968,STK38L,MAPK3
1969,STK38L,MAPK10
1970,STK38L,MAP3K20
1971,STK38L,DAPK3
1972,STK38L,ILK
1973,STK38L,CAMK2G
1974,STK38L,PDGFRB
1975,STK38L,BRD3
1976,PDGFRA,PRKD1
1977,PDGFRA,ROR2
1978,PDGFRA,ANTXR1
1979,PDGFRA,DAPK3
1980,PDGFRA,ILK
1981,PDGFRA,PDGFRB
1982,PDGFRA,MST1
1983,BCR,MAPK1
1984,BCR,CAMK4
1985,BCR,DDR1
1986,CDKL5,MARK1
1987,CDKL5,KIT
1988,CDKL5,MAP2K4
1989,CDKL5,KSR2
1990,CDKL5,PRKCG
1991,CDKL5,CAMKK1
1992,CDKL5,MAPK10
1993,CDKL5,CAMKK2
1994,CDKL5,PDPK1
1995,CDKL5,BRAF
1996,CDKL5,ABL2
1997,CDKL5,MAST3
1998,CDKL5,PRKCE
1999,CDKL5,KALRN
2000,CDKL5,PAK1
2001,CDKL5,CAMK4
2002,CDKL5,DAPK3
2003,CDKL5,MAP2K1
2004,CDKL5,STK32C
2005,CDKL5,ILK
2006,CDKL5,CAMK2G
2007,CDKL5,PDGFRB
2008,CDKL5,CAMK2B
2009,CDKL5,CAMK2A
2010,CDKL5,BMPR2
2011,CDKL5,CAMK1D
2012,CDKL5,EPHB6
2013,CDKL5,PDK2
2014,CDK17,MAP4K4
2015,CDK17,ROCK2
2016,CDK17,SNRK
2017,CDK17,FER
2018,CDK17,BRD3
2019,JAK1,MLKL
2020,JAK1,MAPKAPK2
2021,JAK1,PRKCD
2022,JAK1,CSK
2023,JAK1,ACTR2
2024,JAK1,FYN
2025,JAK1,TGFBR2
2026,JAK1,GRK2
2027,JAK1,STK17B
2028,JAK1,MAP3K3
2029,JAK1,JAK3
2030,JAK1,GRK6
2031,JAK1,IRAK3
2032,JAK1,STK10
2033,JAK1,LRRK1
2034,JAK1,PTK2B
2035,JAK1,FES
2036,JAK1,LYN
2037,JAK1,MAP3K8
2038,JAK1,MAST3
2039,JAK1,RIPK3
2040,JAK1,BTK
2041,JAK1,SNRK
2042,JAK1,ILK
2043,JAK1,MAP4K1
2044,JAK1,GAK
2045,JAK1,ZAP70
2046,JAK1,GRK5
2047,JAK1,LRRK2
2048,JAK1,DAPK2
2049,JAK1,JAK2
2050,JAK1,STK4
2051,JAK1,IKBKE
2052,MAP2K2,STK11
2053,MAP2K2,MAP2K7
2054,MAP2K2,CASK
2055,MAP2K2,NRBP1
2056,MLKL,HCK
2057,MLKL,MAPKAPK2
2058,MLKL,PRKCD
2059,MLKL,CSK
2060,MLKL,CDK6
2061,MLKL,ACTR2
2062,MLKL,GRK2
2063,MLKL,IRAK4
2064,MLKL,STK17B
2065,MLKL,JAK3
2066,MLKL,GRK6
2067,MLKL,STK10
2068,MLKL,LRRK1
2069,MLKL,PTK2B
2070,MLKL,FES
2071,MLKL,LYN
2072,MLKL,MAST3
2073,MLKL,RPS6KA1
2074,MLKL,RIPK3
2075,MLKL,BTK
2076,MLKL,DAPK3
2077,MLKL,ILK
2078,MLKL,MAP4K1
2079,MLKL,ZAP70
2080,MLKL,SYK
2081,MLKL,JAK2
2082,MLKL,STK4
2083,MLKL,IKBKE
2084,PTK2,ROCK1
2085,PTK2,CDK6
2086,PTK2,CLASP1
2087,PTK2,EPHB3
2088,PTK2,ROCK2
2089,PTK2,SNRK
2090,PTK2,ILK
2091,PTK2,COQ8A
2092,PTK2,STK3
2093,PTK2,MAST4
2094,DCLK2,PRKD1
2095,DCLK2,ANTXR1
2096,DCLK2,CASK
2097,DCLK2,ILK
2098,DCLK2,PTK7
2099,DCLK2,PDGFRB
2100,DCLK2,DDR1
2101,FLT1,CDK1
2102,MARK1,MAP2K4
2103,MARK1,CAMKK1
2104,MARK1,CAMKK2
2105,MARK1,FYN
2106,MARK1,EPHB2
2107,MARK1,BRAF
2108,MARK1,INSR
2109,MARK1,MAST1
2110,MARK1,ABL2
2111,MARK1,EPHB3
2112,MARK1,PRKCE
2113,MARK1,KALRN
2114,MARK1,PAK1
2115,MARK1,CAMK4
2116,MARK1,STK32C
2117,MARK1,SRPK2
2118,MARK1,CAMK2B
2119,MARK1,CAMK2A
2120,MARK1,BMPR2
2121,MARK1,CAMK1D
2122,MARK1,KSR1
2123,MARK1,EPHB6
2124,SLK,RIOK3
2125,SLK,RPS6KA4
2126,SLK,PTK2B
2127,SLK,STK17A
2128,SLK,RPS6KA1
2129,SLK,CAMK2G
2130,SLK,CHUK
2131,SLK,PTK6
2132,HCK,ROCK1
2133,HCK,MAPKAPK2
2134,HCK,PRKCD
2135,HCK,CSK
2136,HCK,CDK6
2137,HCK,ACTR2
2138,HCK,FYN
2139,HCK,GRK2
2140,HCK,STK17B
2141,HCK,GRK6
2142,HCK,AXL
2143,HCK,IKBKB
2144,HCK,STK10
2145,HCK,PTK2B
2146,HCK,FES
2147,HCK,LYN
2148,HCK,PAK2
2149,HCK,RPS6KA1
2150,HCK,NEK7
2151,HCK,BTK
2152,HCK,DAPK3
2153,HCK,ILK
2154,HCK,STK26
2155,HCK,MAP4K1
2156,HCK,CHUK
2157,HCK,ZAP70
2158,HCK,SYK
2159,HCK,WNK1
2160,HCK,DDR2
2161,HCK,LRRK2
2162,HCK,JAK2
2163,HCK,STK4
2164,HCK,IKBKE
2165,EGFR,ROR2
2166,EGFR,MET
2167,EGFR,STK17A
2168,KIT,MAST1
2169,MAP2K4,KSR2
2170,MAP2K4,MAPK3
2171,MAP2K4,PRKCG
2172,MAP2K4,CAMKK1
2173,MAP2K4,MAPK10
2174,MAP2K4,CAMKK2
2175,MAP2K4,PDPK1
2176,MAP2K4,BRAF
2177,MAP2K4,MAST1
2178,MAP2K4,MAPK1
2179,MAP2K4,ABL2
2180,MAP2K4,MAST3
2181,MAP2K4,PRKCE
2182,MAP2K4,NEK7
2183,MAP2K4,PAK1
2184,MAP2K4,CAMK4
2185,MAP2K4,MAP2K1
2186,MAP2K4,STK32C
2187,MAP2K4,CAMK2G
2188,MAP2K4,MAPK8
2189,MAP2K4,CAMK2B
2190,MAP2K4,CAMK2A
2191,MAP2K4,BMPR2
2192,MAP2K4,CAMK1D
2193,MAP2K4,EPHB6
2194,MAP2K4,PDK2
2195,RIOK3,RPS6KA1
2196,RIOK3,PTK6
2197,WEE1,CHEK1
2198,WEE1,CDK11B
2199,WEE1,CDK2
2200,WEE1,CLASP1
2201,WEE1,TTK
2202,WEE1,CHEK2
2203,WEE1,TRIM24
2204,WEE1,PRPF4
2205,WEE1,PRPF4B
2206,WEE1,RIOK1
2207,WEE1,VRK1
2208,WEE1,BUB1B
2209,PRKD1,ANTXR1
2210,PRKD1,DAPK3
2211,PRKD1,ILK
2212,PRKD1,PTK7
2213,PRKD1,PDGFRB
2214,PRKD1,KSR1
2215,PRKD1,FER
2216,AKT1,ROCK1
2217,AKT1,CDK6
2218,AKT1,NEK9
2219,KSR2,PRKCG
2220,KSR2,CAMKK1
2221,KSR2,MAPK10
2222,KSR2,CAMKK2
2223,KSR2,PDPK1
2224,KSR2,BRAF
2225,KSR2,MAST1
2226,KSR2,MAST3
2227,KSR2,PRKCE
2228,KSR2,PAK1
2229,KSR2,CAMK4
2230,KSR2,MAP2K1
2231,KSR2,STK32C
2232,KSR2,CAMK2G
2233,KSR2,CAMK2B
2234,KSR2,CAMK2A
2235,KSR2,EPHB6
2236,KSR2,PDK2
2237,ROCK1,MAPK3
2238,ROCK1,MAPKAPK2
2239,ROCK1,SPEG
2240,ROCK1,ACTR2
2241,ROCK1,IRAK4
2242,ROCK1,FES
2243,ROCK1,ROCK2
2244,ROCK1,BTK
2245,ROCK1,DAPK3
2246,ROCK1,ILK
2247,ROCK1,CAMK2G
2248,ROCK1,SYK
2249,ROCK1,WNK1
2250,ROCK1,TRIO
2251,ROCK1,BRD3
2252,CHEK1,CDK11B
2253,CHEK1,CDK12
2254,CHEK1,PLK1
2255,CHEK1,CDK1
2256,CHEK1,MASTL
2257,CHEK1,CDK2
2258,CHEK1,TTK
2259,CHEK1,CHEK2
2260,CHEK1,TRIM24
2261,CHEK1,TRIM33
2262,CHEK1,PRPF4
2263,CHEK1,PRPF4B
2264,CHEK1,RIOK1
2265,CHEK1,VRK1
2266,CHEK1,BUB1B
2267,MAPK3,SPEG
2268,MAPK3,PRKCG
2269,MAPK3,MAPK10
2270,MAPK3,PDPK1
2271,MAPK3,BRAF
2272,MAPK3,INSR
2273,MAPK3,IKBKB
2274,MAPK3,MAPK1
2275,MAPK3,MAST3
2276,MAPK3,NEK7
2277,MAPK3,ILK
2278,MAPK3,NRBP2
2279,MAPK3,CAMK2G
2280,MAPK3,CAMK1D
2281,MAPK3,MAST4
2282,MAPK3,PDK2
2283,CLK2,CDK2
2284,CLK2,PRPF4
2285,TRIM28,CDK11B
2286,TRIM28,CDK1
2287,TRIM28,SRC
2288,TRIM28,CDK9
2289,TRIM28,PRKD2
2290,TRIM28,TRIM24
2291,TRIM28,TRIM33
2292,TRIM28,PRPF4
2293,TRIM28,CDK13
2294,TRIM28,NR2C2
2295,TRIM28,PRPF4B
2296,TRIM28,BRD3
2297,TRIM28,RERE
2298,TRIM28,VRK1
2299,ARAF,MAPKAPK2
2300,ARAF,PDPK1
2301,MAPKAPK2,CSK
2302,MAPKAPK2,ACTR2
2303,MAPKAPK2,IRAK4
2304,MAPKAPK2,STK17B
2305,MAPKAPK2,JAK3
2306,MAPKAPK2,GRK6
2307,MAPKAPK2,IKBKB
2308,MAPKAPK2,STK10
2309,MAPKAPK2,FES
2310,MAPKAPK2,NEK7
2311,MAPKAPK2,BTK
2312,MAPKAPK2,DAPK3
2313,MAPKAPK2,ILK
2314,MAPKAPK2,MAP4K1
2315,MAPKAPK2,RIPK1
2316,MAPKAPK2,SYK
2317,MAPKAPK2,STK4
2318,CDK11B,CDK12
2319,CDK11B,CDK1
2320,CDK11B,CDK9
2321,CDK11B,TTK
2322,CDK11B,TRIM24
2323,CDK11B,TRIM33
2324,CDK11B,PRPF4
2325,CDK11B,CDK13
2326,CDK11B,PRPF4B
2327,CDK11B,RIOK1
2328,CDK11B,RERE
2329,CDK11B,VRK1
2330,CDK11B,BUB1B
2331,CDK12,PLK1
2332,CDK12,CDK1
2333,CDK12,MASTL
2334,CDK12,TLK2
2335,CDK12,CDK2
2336,CDK12,CDK9
2337,CDK12,TTK
2338,CDK12,ATR
2339,CDK12,CDK8
2340,CDK12,PRPF4
2341,CDK12,CDK13
2342,CDK12,PRPF4B
2343,CDK12,RIOK1
2344,CDK12,VRK1
2345,SPEG,MAP3K20
2346,SPEG,DAPK3
2347,SPEG,ILK
2348,SPEG,CAMK2G
2349,SPEG,COQ8A
2350,SPEG,PDGFRB
2351,SPEG,MAP3K7
2352,SPEG,DCLK1
2353,SPEG,FER
2354,PRKCG,CAMKK1
2355,PRKCG,MAPK10
2356,PRKCG,CAMKK2
2357,PRKCG,PDPK1
2358,PRKCG,BRAF
2359,PRKCG,MAST1
2360,PRKCG,MAST3
2361,PRKCG,PRKCE
2362,PRKCG,KALRN
2363,PRKCG,PAK1
2364,PRKCG,CAMK4
2365,PRKCG,MAP2K1
2366,PRKCG,STK32C
2367,PRKCG,CAMK2G
2368,PRKCG,ULK3
2369,PRKCG,CAMK2B
2370,PRKCG,CAMK2A
2371,PRKCG,BMPR2
2372,PRKCG,CAMK1D
2373,PRKCG,EPHB6
2374,PRKCG,PDK2
2375,PRKCD,CSK
2376,PRKCD,SRC
2377,PRKCD,ACTR2
2378,PRKCD,GRK2
2379,PRKCD,STK17B
2380,PRKCD,MAP3K3
2381,PRKCD,JAK3
2382,PRKCD,GRK6
2383,PRKCD,IRAK3
2384,PRKCD,STK10
2385,PRKCD,LRRK1
2386,PRKCD,PTK2B
2387,PRKCD,FES
2388,PRKCD,LYN
2389,PRKCD,MAP3K8
2390,PRKCD,MAST3
2391,PRKCD,RPS6KA1
2392,PRKCD,RIPK3
2393,PRKCD,BTK
2394,PRKCD,SNRK
2395,PRKCD,STK26
2396,PRKCD,MAP4K1
2397,PRKCD,SYK
2398,PRKCD,LRRK2
2399,PRKCD,JAK2
2400,PRKCD,STK4
2401,CAMKK1,MAPK10
2402,CAMKK1,CAMKK2
2403,CAMKK1,PDPK1
2404,CAMKK1,EPHB2
2405,CAMKK1,BRAF
2406,CAMKK1,MAST1
2407,CAMKK1,ABL2
2408,CAMKK1,MAST3
2409,CAMKK1,PRKCE
2410,CAMKK1,KALRN
2411,CAMKK1,PAK1
2412,CAMKK1,CAMK4
2413,CAMKK1,MAP2K1
2414,CAMKK1,STK32C
2415,CAMKK1,CAMK2G
2416,CAMKK1,CAMK2B
2417,CAMKK1,CAMK2A
2418,CAMKK1,BMPR2
2419,CAMKK1,CAMK1D
2420,CAMKK1,EPHB6
2421,CAMKK1,PDK2
2422,POMK,TRIM24
2423,POMK,TRIM33
2424,POMK,BRD3
2425,CSK,CDK6
2426,CSK,ACTR2
2427,CSK,GRK2
2428,CSK,STK17B
2429,CSK,MAP3K3
2430,CSK,JAK3
2431,CSK,RPS6KA4
2432,CSK,GRK6
2433,CSK,STK10
2434,CSK,LRRK1
2435,CSK,PTK2B
2436,CSK,FES
2437,CSK,LYN
2438,CSK,MAP3K8
2439,CSK,PAK2
2440,CSK,MAST3
2441,CSK,RPS6KA1
2442,CSK,BTK
2443,CSK,DAPK3
2444,CSK,MAP2K1
2445,CSK,ILK
2446,CSK,MAP4K1
2447,CSK,NRBP1
2448,CSK,ZAP70
2449,CSK,SYK
2450,CSK,CAMK1D
2451,CSK,JAK2
2452,CSK,STK4
2453,CDK6,ACTR2
2454,CDK6,PDK1
2455,CDK6,JAK3
2456,CDK6,LYN
2457,CDK6,ZAP70
2458,PLK1,CDK1
2459,PLK1,MASTL
2460,PLK1,CDK2
2461,PLK1,TTK
2462,PLK1,VRK1
2463,PLK1,BUB1B
2464,PRKACA,COQ8A
2465,PRKACA,DCLK1
2466,TGFBR1,MAP3K7
2467,MAPK10,CAMKK2
2468,MAPK10,PDPK1
2469,MAPK10,BRAF
2470,MAPK10,GRK6
2471,MAPK10,MAST1
2472,MAPK10,MAST3
2473,MAPK10,PRKCE
2474,MAPK10,KALRN
2475,MAPK10,PAK1
2476,MAPK10,CAMK4
2477,MAPK10,MAP2K1
2478,MAPK10,STK32C
2479,MAPK10,CAMK2G
2480,MAPK10,CAMK2B
2481,MAPK10,CAMK2A
2482,MAPK10,CAMK1D
2483,MAPK10,EPHB6
2484,MAPK10,PDK2
2485,CDK1,MASTL
2486,CDK1,VRK2
2487,CDK1,CDK2
2488,CDK1,CDK9
2489,CDK1,TTK
2490,CDK1,ATR
2491,CDK1,CHEK2
2492,CDK1,TRIM24
2493,CDK1,TRIM33
2494,CDK1,PRPF4
2495,CDK1,RIOK1
2496,CDK1,VRK1
2497,CDK1,BUB1B
2498,SRC,LMTK2
2499,SRC,CASK
2500,SRC,NRBP1
2501,CAMKK2,PDPK1
2502,CAMKK2,BRAF
2503,CAMKK2,MAST1
2504,CAMKK2,ABL2
2505,CAMKK2,MAST3
2506,CAMKK2,PRKCE
2507,CAMKK2,KALRN
2508,CAMKK2,PAK1
2509,CAMKK2,CAMK4
2510,CAMKK2,MAP2K1
2511,CAMKK2,STK32C
2512,CAMKK2,CAMK2G
2513,CAMKK2,CAMK2B
2514,CAMKK2,CAMK2A
2515,CAMKK2,BMPR2
2516,CAMKK2,CAMK1D
2517,CAMKK2,EPHB6
2518,CAMKK2,PDK2
2519,ROR2,ANTXR1
2520,ROR2,DAPK3
2521,ROR2,ILK
2522,ROR2,PTK7
2523,ROR2,PDGFRB
2524,ROR2,EPHB4
2525,ACTR2,TGFBR2
2526,ACTR2,GRK2
2527,ACTR2,MET
2528,ACTR2,MAP4K4
2529,ACTR2,STK17B
2530,ACTR2,MAP3K3
2531,ACTR2,JAK3
2532,ACTR2,RPS6KA4
2533,ACTR2,GRK6
2534,ACTR2,IRAK3
2535,ACTR2,IKBKB
2536,ACTR2,STK10
2537,ACTR2,PTK2B
2538,ACTR2,FES
2539,ACTR2,LYN
2540,ACTR2,MAP3K8
2541,ACTR2,PAK2
2542,ACTR2,MAST3
2543,ACTR2,RPS6KA1
2544,ACTR2,RIPK3
2545,ACTR2,BTK
2546,ACTR2,DAPK3
2547,ACTR2,SNRK
2548,ACTR2,ILK
2549,ACTR2,STK26
2550,ACTR2,MAP4K1
2551,ACTR2,RIPK1
2552,ACTR2,ZAP70
2553,ACTR2,SYK
2554,ACTR2,WNK1
2555,ACTR2,LRRK2
2556,ACTR2,RNASEL
2557,ACTR2,JAK2
2558,ACTR2,STK4
2559,MASTL,TTK
2560,MASTL,CHEK2
2561,MASTL,VRK1
2562,FYN,TGFBR2
2563,FYN,STK17B
2564,FYN,MAP3K3
2565,FYN,JAK3
2566,FYN,GRK6
2567,FYN,MAST1
2568,FYN,ABL2
2569,FYN,STK10
2570,FYN,PTK2B
2571,FYN,MAP3K8
2572,FYN,MAST3
2573,FYN,EPHB3
2574,FYN,PRKCE
2575,FYN,CAMK4
2576,FYN,BTK
2577,FYN,STK32C
2578,FYN,ILK
2579,FYN,MAP4K1
2580,FYN,ZAP70
2581,FYN,GRK5
2582,FYN,DDR1
2583,FYN,BMPR2
2584,FYN,CAMK1D
2585,FYN,JAK2
2586,FYN,STK4
2587,TGFBR2,STK17B
2588,TGFBR2,MAP3K3
2589,TGFBR2,IRAK3
2590,TGFBR2,STK10
2591,TGFBR2,PTK2B
2592,TGFBR2,FES
2593,TGFBR2,MAP3K8
2594,TGFBR2,MAST3
2595,TGFBR2,RIPK3
2596,TGFBR2,BTK
2597,TGFBR2,SNRK
2598,TGFBR2,ILK
2599,TGFBR2,MAP4K1
2600,TGFBR2,TEK
2601,TGFBR2,GRK5
2602,TGFBR2,LRRK2
2603,TGFBR2,JAK2
2604,GRK2,STK17B
2605,GRK2,JAK3
2606,GRK2,GRK6
2607,GRK2,IRAK3
2608,GRK2,SCYL1
2609,GRK2,STK10
2610,GRK2,LRRK1
2611,GRK2,PTK2B
2612,GRK2,FES
2613,GRK2,LYN
2614,GRK2,MAST3
2615,GRK2,RIPK3
2616,GRK2,BTK
2617,GRK2,MAP4K1
2618,GRK2,GAK
2619,GRK2,ZAP70
2620,GRK2,SYK
2621,GRK2,JAK2
2622,GRK2,STK4
2623,IRAK4,IKBKB
2624,IRAK4,FES
2625,IRAK4,LYN
2626,IRAK4,ILK
2627,IRAK4,RIPK1
2628,IRAK4,STK4
2629,PDPK1,BRAF
2630,PDPK1,MAST1
2631,PDPK1,MAST3
2632,PDPK1,PRKCE
2633,PDPK1,NEK7
2634,PDPK1,PAK1
2635,PDPK1,CAMK4
2636,PDPK1,MAP2K1
2637,PDPK1,STK32C
2638,PDPK1,CAMK2G
2639,PDPK1,CAMK2B
2640,PDPK1,CAMK2A
2641,PDPK1,CAMK1D
2642,PDPK1,EPHB6
2643,PDPK1,PDK2
2644,VRK2,PRKD2
2645,VRK2,EIF2AK2
2646,MAP3K4,MAP3K7
2647,TLK2,CDK2
2648,TLK2,CDK9
2649,TLK2,TRIM24
2650,TLK2,TRIM33
2651,TLK2,PRPF4
2652,TLK2,NR2C2
2653,TLK2,PRPF4B
2654,TLK2,BRD3
2655,TLK2,RERE
2656,TLK2,VRK1
2657,MET,STK17A
2658,MET,TRIO
2659,CDK2,CDK9
2660,CDK2,TTK
2661,CDK2,CDK8
2662,CDK2,PRPF4
2663,CDK2,CDK4
2664,CDK2,STK26
2665,CDK2,PRPF4B
2666,CDK2,VRK1
2667,CDK2,BUB1B
2668,MAP4K4,CLASP1
2669,MAP4K4,ROCK2
2670,MAP4K4,DAPK3
2671,MAP4K4,ILK
2672,MAP4K4,PTK7
2673,MAP4K4,PDGFRB
2674,CLASP1,TRIO
2675,CDK9,TTK
2676,CDK9,ATR
2677,CDK9,CHEK2
2678,CDK9,CDK8
2679,CDK9,PRPF4
2680,CDK9,CDK13
2681,CDK9,DDR1
2682,CDK9,PRPF4B
2683,CDK9,VRK1
2684,MAPK7,BUB1B
2685,TTK,CHEK2
2686,TTK,CDK8
2687,TTK,PRPF4
2688,TTK,STK26
2689,TTK,PRPF4B
2690,TTK,RIOK1
2691,TTK,VRK1
2692,TTK,BUB1B
2693,ATR,CHEK2
2694,ATR,PRPF4
2695,STK17B,MAP3K3
2696,STK17B,JAK3
2697,STK17B,GRK6
2698,STK17B,IRAK3
2699,STK17B,STK10
2700,STK17B,LRRK1
2701,STK17B,PTK2B
2702,STK17B,MAP3K8
2703,STK17B,MAST3
2704,STK17B,NEK7
2705,STK17B,RIPK3
2706,STK17B,BTK
2707,STK17B,ILK
2708,STK17B,MAP4K1
2709,STK17B,ZAP70
2710,STK17B,SYK
2711,STK17B,PDGFRB
2712,STK17B,JAK2
2713,STK17B,STK4
2714,STK17B,IKBKE
2715,EPHB2,MAST1
2716,EPHB2,PRKCE
2717,EPHB2,CAMK4
2718,EPHB2,STK32C
2719,BRAF,MAST1
2720,BRAF,MAST3
2721,BRAF,PRKCE
2722,BRAF,KALRN
2723,BRAF,PAK1
2724,BRAF,CAMK4
2725,BRAF,MAP2K1
2726,BRAF,STK32C
2727,BRAF,CAMK2G
2728,BRAF,NTRK3
2729,BRAF,CAMK2B
2730,BRAF,CAMK2A
2731,BRAF,BMPR2
2732,BRAF,CAMK1D
2733,BRAF,EPHB6
2734,BRAF,PDK2
2735,MAP3K3,JAK3
2736,MAP3K3,GRK6
2737,MAP3K3,STK10
2738,MAP3K3,PTK2B
2739,MAP3K3,FES
2740,MAP3K3,MAP3K8
2741,MAP3K3,MAST3
2742,MAP3K3,RIPK3
2743,MAP3K3,BTK
2744,MAP3K3,ILK
2745,MAP3K3,MAP4K1
2746,MAP3K3,ZAP70
2747,MAP3K3,GRK5
2748,MAP3K3,JAK2
2749,MAP3K3,STK4
2750,JAK3,GRK6
2751,JAK3,STK10
2752,JAK3,PTK2B
2753,JAK3,MAP3K8
2754,JAK3,MAST3
2755,JAK3,RIPK3
2756,JAK3,TYK2
2757,JAK3,CAMK4
2758,JAK3,BTK
2759,JAK3,MAP4K1
2760,JAK3,GAK
2761,JAK3,ZAP70
2762,JAK3,SYK
2763,JAK3,JAK2
2764,JAK3,STK4
2765,JAK3,IKBKE
2766,PRKD2,GRK6
2767,PRKD2,PRPF4B
2768,PRKD2,STK4
2769,RPS6KA4,LYN
2770,RPS6KA4,RPS6KA1
2771,RPS6KA4,BTK
2772,RPS6KA4,STK4
2773,GRK6,IRAK3
2774,GRK6,STK10
2775,GRK6,LRRK1
2776,GRK6,PTK2B
2777,GRK6,FES
2778,GRK6,LYN
2779,GRK6,MAP3K8
2780,GRK6,MAST3
2781,GRK6,RIPK3
2782,GRK6,BTK
2783,GRK6,MAP4K1
2784,GRK6,ZAP70
2785,GRK6,SYK
2786,GRK6,LRRK2
2787,GRK6,DAPK2
2788,GRK6,JAK2
2789,GRK6,STK4
2790,GRK6,IKBKE
2791,FRK,LYN
2792,FRK,LMTK2
2793,FRK,COQ8A
2794,INSR,MAST4
2795,IRAK3,STK10
2796,IRAK3,LRRK1
2797,IRAK3,PTK2B
2798,IRAK3,FES
2799,IRAK3,MAP3K8
2800,IRAK3,MAST3
2801,IRAK3,RIPK3
2802,IRAK3,BTK
2803,IRAK3,SNRK
2804,IRAK3,ILK
2805,IRAK3,MAP4K1
2806,IRAK3,LRRK2
2807,IRAK3,JAK2
2808,IRAK3,STK4
2809,MAST1,ABL2
2810,MAST1,MAST3
2811,MAST1,PRKCE
2812,MAST1,PAK1
2813,MAST1,CAMK4
2814,MAST1,MAP2K1
2815,MAST1,STK32C
2816,MAST1,CAMK2G
2817,MAST1,CAMK2B
2818,MAST1,CAMK2A
2819,MAST1,BMPR2
2820,MAST1,CAMK1D
2821,MAST1,EPHB6
2822,MAST1,PDK2
2823,CHEK2,TRIM24
2824,CHEK2,PRPF4
2825,CHEK2,RIOK1
2826,CHEK2,VRK1
2827,CHEK2,BUB1B
2828,ANTXR1,DAPK3
2829,ANTXR1,ILK
2830,ANTXR1,PTK7
2831,ANTXR1,PDGFRB
2832,ANTXR1,TRIO
2833,SCYL1,MAP2K1
2834,SCYL1,GAK
2835,OXSR1,NRBP1
2836,AXL,STK10
2837,AXL,PTK2B
2838,AXL,FES
2839,AXL,MAP3K8
2840,AXL,BTK
2841,AXL,ILK
2842,AXL,ZAP70
2843,CSNK2A1,PRPF4
2844,IKBKB,FES
2845,IKBKB,RIPK1
2846,MAPK1,TRIM24
2847,MAPK1,NEK7
2848,MAPK1,NEK1
2849,MAPK1,ILK
2850,ABL2,PRKCE
2851,ABL2,PAK1
2852,ABL2,CAMK4
2853,ABL2,STK32C
2854,ABL2,CAMK2B
2855,ABL2,CAMK2A
2856,ABL2,BMPR2
2857,ABL2,CAMK1D
2858,ABL2,EPHB6
2859,STK10,LRRK1
2860,STK10,PTK2B
2861,STK10,FES
2862,STK10,LYN
2863,STK10,MAP3K8
2864,STK10,PAK2
2865,STK10,MAST3
2866,STK10,RPS6KA1
2867,STK10,RIPK3
2868,STK10,BTK
2869,STK10,DAPK3
2870,STK10,SNRK
2871,STK10,ILK
2872,STK10,MAP4K1
2873,STK10,RIPK1
2874,STK10,ZAP70
2875,STK10,SYK
2876,STK10,GRK5
2877,STK10,PDGFRB
2878,STK10,CAMK1D
2879,STK10,LRRK2
2880,STK10,RNASEL
2881,STK10,JAK2
2882,STK10,STK4
2883,STK10,IKBKE
2884,LRRK1,PTK2B
2885,LRRK1,FES
2886,LRRK1,MAP3K8
2887,LRRK1,MAST3
2888,LRRK1,RIPK3
2889,LRRK1,BTK
2890,LRRK1,MAP4K1
2891,LRRK1,SYK
2892,LRRK1,JAK2
2893,LRRK1,STK4
2894,PTK2B,FES
2895,PTK2B,LYN
2896,PTK2B,MAP3K8
2897,PTK2B,MAST3
2898,PTK2B,RIPK3
2899,PTK2B,BTK
2900,PTK2B,ILK
2901,PTK2B,STK26
2902,PTK2B,MAP4K1
2903,PTK2B,GAK
2904,PTK2B,ZAP70
2905,PTK2B,SYK
2906,PTK2B,GRK5
2907,PTK2B,PDGFRB
2908,PTK2B,LRRK2
2909,PTK2B,DAPK2
2910,PTK2B,JAK2
2911,PTK2B,STK4
2912,PTK2B,IKBKE
2913,TRIM24,TRIM33
2914,TRIM24,PRPF4
2915,TRIM24,CDK13
2916,TRIM24,NR2C2
2917,TRIM24,SRPK2
2918,TRIM24,PRPF4B
2919,TRIM24,BRD3
2920,TRIM24,RERE
2921,TRIM24,VRK1
2922,TRIM24,BUB1B
2923,STK17A,RPS6KA1
2924,STK17A,RIPK1
2925,FES,LYN
2926,FES,MAP3K8
2927,FES,MAST3
2928,FES,RPS6KA1
2929,FES,RIPK3
2930,FES,BTK
2931,FES,SNRK
2932,FES,ILK
2933,FES,MAP4K1
2934,FES,TEK
2935,FES,SYK
2936,FES,LRRK2
2937,FES,DAPK2
2938,FES,JAK2
2939,FES,STK4
2940,LYN,MAST3
2941,LYN,BTK
2942,LYN,MAP4K1
2943,LYN,ZAP70
2944,LYN,SYK
2945,LYN,WNK1
2946,LYN,LRRK2
2947,LYN,MERTK
2948,LYN,JAK2
2949,LYN,STK4
2950,LYN,IKBKE
2951,TRIM33,PRPF4
2952,TRIM33,CDK13
2953,TRIM33,NR2C2
2954,TRIM33,PRPF4B
2955,TRIM33,BRD3
2956,TRIM33,RIOK1
2957,TRIM33,RERE
2958,TRIM33,VRK1
2959,TRIM33,BUB1B
2960,MAP3K8,MAST3
2961,MAP3K8,RIPK3
2962,MAP3K8,BTK
2963,MAP3K8,ILK
2964,MAP3K8,MAP4K1
2965,MAP3K8,TEK
2966,MAP3K8,GRK5
2967,MAP3K8,LRRK2
2968,MAP3K8,JAK2
2969,MAP3K8,STK4
2970,MAP3K8,IKBKE
2971,MAP3K20,DAPK3
2972,MAP3K20,ILK
2973,MAP3K20,CAMK2G
2974,MAP3K20,FER
2975,CASK,WNK3
2976,PRPF4,CDK13
2977,PRPF4,NR2C2
2978,PRPF4,PRPF4B
2979,PRPF4,CDK5
2980,PRPF4,BRD3
2981,PRPF4,RIOK1
2982,PRPF4,RERE
2983,PRPF4,VRK1
2984,PRPF4,BUB1B
2985,PAK2,BTK
2986,PAK2,NRBP1
2987,PAK2,SYK
2988,PAK2,STK4
2989,MAST3,PRKCE
2990,MAST3,PAK1
2991,MAST3,RIPK3
2992,MAST3,CAMK4
2993,MAST3,BTK
2994,MAST3,MAP2K1
2995,MAST3,STK32C
2996,MAST3,MAP4K1
2997,MAST3,CAMK2G
2998,MAST3,ZAP70
2999,MAST3,SYK
3000,MAST3,GRK5
3001,MAST3,CAMK2B
3002,MAST3,CAMK2A
3003,MAST3,BMPR2
3004,MAST3,CAMK1D
3005,MAST3,EPHB6
3006,MAST3,LRRK2
3007,MAST3,JAK2
3008,MAST3,STK4
3009,MAST3,PDK2
3010,MAST3,IKBKE
3011,MAP3K2,BTK
3012,MAP3K2,SYK
3013,MAP3K2,STK4
3014,ADCK5,NRBP2
3015,ADCK5,COQ8A
3016,RPS6KA1,NEK7
3017,RPS6KA1,BTK
3018,RPS6KA1,GAK
3019,RPS6KA1,SYK
3020,EPHB3,DDR1
3021,EPHB3,EPHB4
3022,PRKCE,KALRN
3023,PRKCE,PAK1
3024,PRKCE,CAMK4
3025,PRKCE,MAP2K1
3026,PRKCE,STK32C
3027,PRKCE,ILK
3028,PRKCE,CAMK2G
3029,PRKCE,TBCK
3030,PRKCE,CAMK2B
3031,PRKCE,CAMK2A
3032,PRKCE,BMPR2
3033,PRKCE,CAMK1D
3034,PRKCE,EPHB6
3035,PRKCE,PDK2
3036,KALRN,PAK1
3037,KALRN,CAMK4
3038,KALRN,STK32C
3039,KALRN,CAMK2G
3040,KALRN,CAMK2B
3041,KALRN,CAMK2A
3042,KALRN,BMPR2
3043,KALRN,EPHB6
3044,NEK7,ILK
3045,PAK1,CAMK4
3046,PAK1,SNRK
3047,PAK1,MAP2K1
3048,PAK1,STK32C
3049,PAK1,CAMK2G
3050,PAK1,CAMK2B
3051,PAK1,PIK3R4
3052,PAK1,CAMK2A
3053,PAK1,BMPR2
3054,PAK1,CAMK1D
3055,PAK1,EPHB6
3056,PAK1,PDK2
3057,NEK1,MAST4
3058,RIPK3,BTK
3059,RIPK3,MAP4K1
3060,RIPK3,ZAP70
3061,RIPK3,JAK2
3062,RIPK3,STK4
3063,RIPK3,IKBKE
3064,ROCK2,DAPK3
3065,ROCK2,ILK
3066,ROCK2,BRD3
3067,TYK2,ZAP70
3068,CAMK4,BTK
3069,CAMK4,MAP2K1
3070,CAMK4,STK32C
3071,CAMK4,MAP4K1
3072,CAMK4,CAMK2G
3073,CAMK4,GAK
3074,CAMK4,NR2C2
3075,CAMK4,ZAP70
3076,CAMK4,CAMK2B
3077,CAMK4,CAMK2A
3078,CAMK4,BMPR2
3079,CAMK4,CAMK1D
3080,CAMK4,STK4
3081,CAMK4,PDK2
3082,BTK,DAPK3
3083,BTK,SNRK
3084,BTK,ILK
3085,BTK,STK26
3086,BTK,MAP4K1
3087,BTK,TEK
3088,BTK,ZAP70
3089,BTK,SYK
3090,BTK,GRK5
3091,BTK,PDGFRB
3092,BTK,WNK1
3093,BTK,PIK3R4
3094,BTK,DDR2
3095,BTK,LRRK2
3096,BTK,JAK2
3097,BTK,STK4
3098,BTK,IKBKE
3099,DAPK3,ILK
3100,DAPK3,CAMK2G
3101,DAPK3,PTK7
3102,DAPK3,SYK
3103,DAPK3,GRK5
3104,DAPK3,PDGFRB
3105,DAPK3,DCLK1
3106,DAPK3,TRIO
3107,DAPK3,FER
3108,DAPK3,STK4
3109,SNRK,TEK
3110,SNRK,GRK5
3111,SNRK,TRIO
3112,SNRK,LRRK2
3113,SNRK,MAST4
3114,MAP2K1,STK32C
3115,MAP2K1,CAMK2G
3116,MAP2K1,NRBP1
3117,MAP2K1,CAMK2B
3118,MAP2K1,CAMK2A
3119,MAP2K1,BMPR2
3120,MAP2K1,CAMK1D
3121,MAP2K1,EPHB6
3122,MAP2K1,PDK2
3123,STK32C,CAMK2G
3124,STK32C,CAMK2B
3125,STK32C,CAMK2A
3126,STK32C,BMPR2
3127,STK32C,CAMK1D
3128,STK32C,EPHB6
3129,STK32C,PDK2
3130,ILK,STK26
3131,ILK,CAMK2G
3132,ILK,NR2C2
3133,ILK,RIPK1
3134,ILK,PTK7
3135,ILK,TBCK
3136,ILK,ZAP70
3137,ILK,SYK
3138,ILK,GRK5
3139,ILK,PDGFRB
3140,ILK,WNK1
3141,ILK,DCLK1
3142,ILK,TRIO
3143,ILK,FER
3144,ILK,BRD3
3145,ILK,MST1
3146,NRBP2,WNK1
3147,NRBP2,STK3
3148,STK26,CAMK2G
3149,STK26,SYK
3150,MAP4K1,ZAP70
3151,MAP4K1,SYK
3152,MAP4K1,GRK5
3153,MAP4K1,LRRK2
3154,MAP4K1,JAK2
3155,MAP4K1,STK4
3156,MAP4K1,IKBKE
3157,CDK13,PRPF4B
3158,CDK13,RIOK1
3159,CDK13,RERE
3160,CAMK2G,COQ8A
3161,CAMK2G,ULK3
3162,CAMK2G,NTRK3
3163,CAMK2G,GRK5
3164,CAMK2G,CAMK2B
3165,CAMK2G,CAMK2A
3166,CAMK2G,BMPR2
3167,CAMK2G,DCLK1
3168,CAMK2G,CAMK1D
3169,CAMK2G,TRIO
3170,CAMK2G,EPHB6
3171,CAMK2G,FER
3172,CAMK2G,PDK2
3173,GAK,ZAP70
3174,NR2C2,BRD3
3175,NR2C2,RERE
3176,NR2C2,VRK1
3177,COQ8A,DCLK1
3178,COQ8A,PDK2
3179,TEK,GRK5
3180,TEK,LRRK2
3181,SRPK2,CDK5
3182,RIPK1,NEK9
3183,PTK7,PDGFRB
3184,PTK7,EPHB4
3185,PTK7,TRIO
3186,PTK7,IGF1R
3187,NRBP1,TRIO
3188,NRBP1,STK3
3189,ZAP70,SYK
3190,ZAP70,PDGFRB
3191,ZAP70,JAK2
3192,ZAP70,STK4
3193,ZAP70,IKBKE
3194,SYK,PDGFRB
3195,SYK,JAK2
3196,SYK,STK4
3197,GRK5,LRRK2
3198,GRK5,JAK2
3199,PDGFRB,KSR1
3200,PDGFRB,FER
3201,PDGFRB,RNASEL
3202,PDGFRB,MST1
3203,CAMK2B,CAMK2A
3204,CAMK2B,BMPR2
3205,CAMK2B,CAMK1D
3206,CAMK2B,EPHB6
3207,CAMK2B,PDK2
3208,PRPF4B,BRD3
3209,PRPF4B,RIOK1
3210,PRPF4B,VRK1
3211,PRPF4B,BUB1B
3212,CAMK2A,BMPR2
3213,CAMK2A,EPHB6
3214,CAMK2A,PDK2
3215,BMPR2,CAMK1D
3216,BMPR2,EPHB6
3217,BMPR2,PDK2
3218,DCLK1,FER
3219,CAMK1D,EPHB6
3220,CAMK1D,PDK2
3221,TRIO,FER
3222,KSR1,FER
3223,EPHB6,PDK2
3224,FER,MST1
3225,LRRK2,DAPK2
3226,LRRK2,JAK2
3227,LRRK2,STK4
3228,BRD3,RERE
3229,BRD3,VRK1
3230,RIOK1,VRK1
3231,RIOK1,BUB1B
3232,RERE,VRK1
3233,VRK1,BUB1B
3234,JAK2,STK4
3235,JAK2,IKBKE
3236,MAST4,SIK3
3237,STK4,IKBKE
