,PPI
AKT1*AKT2,974
AKT1*AKT3,822
AKT1*PDPK1,995
AKT1*PRKCB,495
AKT1*PKN2,423
AKT1*EEF2K,408
AKT1*BCR,438
AKT1*BRD4,481
AKT1*PDK1,788
AKT1*PDK2,962
AKT1*PDK4,558
AKT1*ATM,745
AKT1*ATR,436
AKT1*MTOR,999
AKT1*CAMK2A,452
AKT1*CAMK2D,422
AKT1*CHEK1,547
AKT1*STK11,588
AKT1*MARK2,477
AKT1*MAPKAPK2,831
AKT1*PKD1,498
AKT1*PKD2,470
AKT1*TRIB1,401
AKT1*TRIB3,944
AKT1*KALRN,496
AKT1*CDK1,403
AKT1*CDK2,448
AKT1*CDK4,548
AKT1*CDK6,493
AKT1*GSK3A,992
AKT1*GSK3B,996
AKT1*MAPK3,906
AKT1*MAPK1,895
AKT1*MAPK8,642
AKT1*MAPK9,603
AKT1*MAPK10,455
AKT1*SRPK1,547
AKT1*SRPK2,509
AKT1*AURKA,939
AKT1*CSNK2A1,463
AKT1*CHUK,991
AKT1*IKBKB,983
AKT1*TBK1,625
AKT1*PINK1,738
AKT1*EIF2AK3,543
AKT1*PIK3R4,528
AKT1*WEE1,509
AKT1*MAP3K3,411
AKT1*MAP3K5,996
AKT1*MAP3K6,587
AKT1*GCK,549
AKT1*MST1,938
AKT1*STK4,523
AKT1*STK3,604
AKT1*PAK1,987
AKT1*PKN1,442
AKT1*MAP2K1,514
AKT1*MAP2K2,502
AKT1*MAP2K5,466
AKT1*MAP2K7,463
AKT1*MAP2K3,414
AKT1*MAP2K4,934
AKT1*MAP3K8,947
AKT1*MAP3K14,915
AKT1*CSK,684
AKT1*EGFR,794
AKT1*EPHA2,426
AKT1*PTK2,569
AKT1*FGFR1,564
AKT1*FGFR4,433
AKT1*IGF1R,578
AKT1*INSR,942
AKT1*JAK1,931
AKT1*JAK3,925
AKT1*MST1R,957
AKT1*CSF1R,596
AKT1*FLT3,707
AKT1*KIT,758
AKT1*PDGFRA,421
AKT1*PDGFRB,937
AKT1*PTK6,854
AKT1*FYN,819
AKT1*LCK,939
AKT1*LYN,794
AKT1*SRC,985
AKT1*YES1,741
AKT1*TEK,505
AKT1*NTRK1,429
AKT1*KDR,441
AKT1*IRAK1,495
AKT1*IRAK2,454
AKT1*LRRK2,509
AKT1*ILK,996
AKT1*MAP3K11,536
AKT1*BRAF,810
AKT1*RAF1,992
AKT1*ACTR2,490
AKT2*AKT3,813
AKT2*PDPK1,971
AKT2*PDK1,504
AKT2*PDK2,456
AKT2*ATM,485
AKT2*MTOR,979
AKT2*STK11,420
AKT2*TRIB3,915
AKT2*VRK2,502
AKT2*GSK3A,934
AKT2*GSK3B,979
AKT2*MAPK3,890
AKT2*MAPK1,887
AKT2*MAPK8,452
AKT2*MAPK9,408
AKT2*MAPK10,405
AKT2*CHUK,929
AKT2*IKBKB,841
AKT2*MAP3K5,961
AKT2*MAP3K6,547
AKT2*MAP2K1,484
AKT2*MAP2K2,433
AKT2*MAP2K4,856
AKT2*MAP3K8,920
AKT2*MAP3K14,691
AKT2*CSK,412
AKT2*EGFR,447
AKT2*INSR,937
AKT2*KIT,441
AKT2*FYN,758
AKT2*LCK,732
AKT2*LYN,729
AKT2*SRC,793
AKT2*YES1,696
AKT2*ILK,897
AKT2*RAF1,842
AKT3*PDPK1,959
AKT3*ATM,437
AKT3*MTOR,966
AKT3*TRIB3,827
AKT3*GSK3A,937
AKT3*GSK3B,966
AKT3*MAPK3,882
AKT3*MAPK1,881
AKT3*MAPK8,413
AKT3*MAPK10,429
AKT3*CHUK,912
AKT3*IKBKB,822
AKT3*MAP3K5,988
AKT3*MAP3K6,547
AKT3*MAP2K1,444
AKT3*MAP2K2,429
AKT3*MAP2K4,856
AKT3*MAP3K8,921
AKT3*MAP3K14,685
AKT3*KIT,424
AKT3*PDGFRB,405
AKT3*FYN,757
AKT3*LCK,716
AKT3*LYN,721
AKT3*SRC,773
AKT3*YES1,691
AKT3*ILK,892
AKT3*RAF1,841
ROCK2*ROCK1,969
ROCK2*PKN2,481
ROCK2*MAPK3,853
ROCK2*MAPK1,844
ROCK2*PLK1,915
ROCK2*MAP2K4,905
ROCK2*PTK2,920
ROCK2*JAK2,417
ROCK2*SRC,920
ROCK2*KDR,928
ROCK2*LIMK2,947
ROCK2*LIMK1,951
ROCK2*RAF1,458
ROCK1*MTOR,427
ROCK1*MAPK3,868
ROCK1*MAPK1,849
ROCK1*MAP2K4,909
ROCK1*EGFR,472
ROCK1*EPHB3,902
ROCK1*PTK2,938
ROCK1*JAK2,578
ROCK1*SRC,921
ROCK1*KDR,926
ROCK1*LIMK2,983
ROCK1*LIMK1,961
ROCK1*ILK,422
CIT*CDK1,443
CIT*BUB1B,430
CIT*BUB1,475
CIT*ACTR2,415
GRK2*GRK3,947
GRK2*GRK5,916
GRK2*GRK6,914
GRK2*PRKCA,926
GRK2*PRKCB,728
GRK2*PRKCG,919
GRK2*PRKCD,922
GRK2*CSNK1G2,647
GRK2*HASPIN,463
GRK2*TYRO3,430
GRK2*EGFR,717
GRK2*INSR,468
GRK2*SRC,683
GRK2*NTRK1,730
GRK3*GRK5,913
GRK3*GRK6,912
GRK3*CSNK1G2,619
GRK3*HASPIN,463
GRK4*CHUK,571
GRK4*IKBKB,571
GRK5*GRK6,911
GRK5*STK38,401
GRK5*CHUK,942
GRK5*IKBKB,591
GRK6*CHUK,571
GRK6*IKBKB,571
GRK1*GRK7,810
MAST3*MAST2,414
MAST3*MAST1,422
MAST3*MAST4,797
MAST3*ANTXR1,484
MAST2*MAST4,403
MAST2*SMG1,417
CLASP1*MARK1,472
CLASP1*GSK3B,442
CLASP1*BUB1B,503
CLASP1*BUB1,486
CLASP1*PLK1,557
CLASP1*ABL1,692
CLASP1*ABL2,691
CLASP1*INSR,471
MAST1*PLK1,504
MAST1*PLK3,508
MAST1*PLK4,494
MAST1*PLK2,507
MAST1*LRRK2,535
MASTL*RPS6KA1,440
MASTL*CHEK2,780
MASTL*CDK1,962
MASTL*BUB1B,700
MASTL*BUB1,715
MASTL*NEK2,415
MASTL*PLK1,924
MASTL*PLK4,438
MASTL*PLK2,763
MASTL*PBK,456
MASTL*TTK,649
STK38*STK38L,502
STK38*MTOR,431
STK38*CDK6,442
STK38*TP53RK,418
STK38*PLK4,478
STK38*MAP3K1,683
STK38*MAP3K2,661
STK38*STK4,441
STK38*PAK1,404
STK38*PAK2,400
STK38*STK24,605
STK38*STK25,564
STK38*STK26,579
STK38*MAP3K8,414
STK38*LCK,408
STK38*LRRK2,438
LATS1*LATS2,949
LATS1*STK11,423
LATS1*CDK1,773
LATS1*CDK2,404
LATS1*MST1,501
LATS1*STK4,988
LATS1*STK3,996
LATS1*MAP4K4,410
LATS1*EGFR,456
LATS1*SRC,464
LATS1*LIMK1,524
LATS2*CHEK1,538
LATS2*CDK2,471
LATS2*DYRK1A,431
LATS2*AURKA,659
LATS2*IKBKB,404
LATS2*MAP3K5,480
LATS2*STK4,994
LATS2*STK3,994
LATS2*MAP4K4,431
LATS2*ABL1,490
STK38L*CLK3,416
STK38L*PLK4,468
STK38L*MAP3K2,505
STK38L*STK4,426
STK38L*STK24,678
STK38L*STK25,528
STK38L*STK26,547
STK38L*MAP3K8,413
STK38L*LRRK2,438
PRKACA*PRKX,573
PRKACA*PDPK1,424
PRKACA*RPS6KA5,505
PRKACA*CAMK4,602
PRKACA*STK11,937
PRKACA*SIK2,808
PRKACA*MAPKAPK5,906
PRKACA*MYLK4,685
PRKACA*PHKG2,648
PRKACA*PIM1,498
PRKACA*CSNK1G2,643
PRKACA*CDK16,543
PRKACA*DYRK1B,527
PRKACA*DYRK1A,760
PRKACA*GSK3A,600
PRKACA*GSK3B,953
PRKACA*MAPK3,870
PRKACA*MAPK1,867
PRKACA*AURKA,932
PRKACA*ULK1,830
PRKACA*ULK2,823
PRKACA*MAP3K3,642
PRKACA*MAP3K5,828
PRKACA*MAP2K1,865
PRKACA*MAP2K2,859
PRKACA*MAP2K6,916
PRKACA*EGFR,506
PRKACA*PTK2,808
PRKACA*IGF1R,910
PRKACA*JAK2,909
PRKACA*RET,904
PRKACA*FYN,923
PRKACA*SRC,437
PRKACA*KDR,902
PRKACA*LRRK2,655
PRKACA*ARAF,822
PRKACA*BRAF,850
PRKACA*RAF1,850
PDPK1*PRKCA,909
PDPK1*PRKCB,929
PDPK1*PRKCD,966
PDPK1*PRKCE,964
PDPK1*PKN2,993
PDPK1*PKN3,876
PDPK1*RPS6KA1,949
PDPK1*RPS6KA3,976
PDPK1*RPS6KA2,937
PDPK1*RPS6KA6,930
PDPK1*SGK1,992
PDPK1*SGK2,943
PDPK1*SGK3,697
PDPK1*STK32C,488
PDPK1*STK32B,453
PDPK1*STK32A,487
PDPK1*PDK2,646
PDPK1*MTOR,842
PDPK1*TRIB3,683
PDPK1*GSK3A,766
PDPK1*GSK3B,771
PDPK1*MAPK1,926
PDPK1*MAPK8,406
PDPK1*CHUK,918
PDPK1*IKBKB,918
PDPK1*PKN1,932
PDPK1*MAP3K8,700
PDPK1*PTK2B,491
PDPK1*INSR,936
PDPK1*FYN,751
PDPK1*LCK,719
PDPK1*SRC,951
PDPK1*ILK,656
PDPK1*MAP3K7,743
PDPK1*RIPK2,922
PDPK1*TGFBR1,922
PDPK1*TGFBR2,915
PRKCA*PRKCB,830
PRKCA*PRKCG,895
PRKCA*PRKCD,815
PRKCA*PRKCE,745
PRKCA*RPS6KA2,479
PRKCA*EEF2K,868
PRKCA*PDK2,918
PRKCA*ATM,416
PRKCA*MTOR,968
PRKCA*PRKD1,848
PRKCA*PRKD2,821
PRKCA*GSK3A,526
PRKCA*GSK3B,404
PRKCA*MAPK3,952
PRKCA*MAPK1,940
PRKCA*MAPK7,535
PRKCA*CHUK,935
PRKCA*IKBKB,935
PRKCA*MYO3B,412
PRKCA*MYO3A,412
PRKCA*MAP2K7,849
PRKCA*MAP2K4,820
PRKCA*EGFR,981
PRKCA*PTK2,835
PRKCA*PTK2B,915
PRKCA*KIT,854
PRKCA*RET,909
PRKCA*LYN,828
PRKCA*SRC,948
PRKCA*ILK,834
PRKCA*ARAF,808
PRKCA*BRAF,927
PRKCA*RAF1,934
PRKCA*TGFBR1,463
PRKCB*PRKCG,812
PRKCB*PRKCD,858
PRKCB*PRKCE,532
PRKCB*EEF2K,838
PRKCB*PDK2,920
PRKCB*MTOR,872
PRKCB*PRKD1,832
PRKCB*PRKD2,818
PRKCB*GSK3A,524
PRKCB*GSK3B,665
PRKCB*MAPK3,933
PRKCB*MAPK1,932
PRKCB*MAPK8,919
PRKCB*CHUK,970
PRKCB*IKBKB,973
PRKCB*MYO3B,412
PRKCB*MYO3A,412
PRKCB*EGFR,935
PRKCB*PTK2,814
PRKCB*PTK2B,916
PRKCB*INSR,826
PRKCB*JAK1,909
PRKCB*JAK3,909
PRKCB*LCK,919
PRKCB*LYN,918
PRKCB*SRC,920
PRKCB*BTK,719
PRKCB*ARAF,807
PRKCB*BRAF,909
PRKCB*RAF1,911
PRKCB*RIPK4,631
PRKCB*BMPR2,704
PRKCG*PRKCD,539
PRKCG*PRKCE,546
PRKCG*EEF2K,839
PRKCG*MTOR,835
PRKCG*PRKD1,825
PRKCG*PRKD2,819
PRKCG*TTBK2,619
PRKCG*TTBK1,446
PRKCG*GSK3A,511
PRKCG*MAPK3,853
PRKCG*MAPK1,852
PRKCG*MYO3B,412
PRKCG*MYO3A,412
PRKCG*PTK2,805
PRKCG*PTK2B,907
PRKCG*LYN,807
PRKCG*SRC,919
PRKCG*ARAF,805
PRKCG*BRAF,823
PRKCG*RAF1,809
PRKCD*PRKCE,808
PRKCD*MTOR,866
PRKCD*CAMK2A,514
PRKCD*CAMK2B,535
PRKCD*CAMK2G,547
PRKCD*CAMK2D,545
PRKCD*GSK3A,560
PRKCD*MAPK3,953
PRKCD*MAPK1,948
PRKCD*MAPK8,860
PRKCD*MAPK9,845
PRKCD*MAPK10,835
PRKCD*CHUK,427
PRKCD*IKBKB,434
PRKCD*RNASEL,425
PRKCD*MAP2K1,935
PRKCD*MAP2K2,853
PRKCD*MAP2K4,919
PRKCD*ABL1,618
PRKCD*PTK2B,954
PRKCD*IGF1R,939
PRKCD*INSR,545
PRKCD*JAK1,920
PRKCD*JAK2,921
PRKCD*BLK,918
PRKCD*FGR,921
PRKCD*FYN,986
PRKCD*HCK,924
PRKCD*LCK,940
PRKCD*LYN,954
PRKCD*SRC,971
PRKCD*YES1,916
PRKCD*SYK,417
PRKCD*IRAK1,458
PRKCD*ARAF,653
PRKCD*BRAF,650
PRKCD*RAF1,935
PRKCD*RIPK4,736
PRKCE*MTOR,457
PRKCE*MYLK4,804
PRKCE*PRKD1,579
PRKCE*CDK1,907
PRKCE*MAPK3,946
PRKCE*MAPK1,948
PRKCE*MAPK8,844
PRKCE*MAPK9,839
PRKCE*MAPK10,840
PRKCE*CHUK,913
PRKCE*IKBKB,940
PRKCE*PKN1,902
PRKCE*PAK2,912
PRKCE*PAK4,911
PRKCE*EGFR,715
PRKCE*PTK2B,920
PRKCE*INSR,829
PRKCE*JAK1,910
PRKCE*JAK3,911
PRKCE*TYK2,402
PRKCE*LCK,918
PRKCE*SRC,953
PRKCE*ARAF,650
PRKCE*BRAF,824
PRKCE*RAF1,867
PKN2*PKN3,904
PKN2*RPS6KA1,414
PKN2*PDK1,526
PKN2*MTOR,456
PKN2*MAP3K2,475
PKN2*PKN1,903
PKN2*LRRK2,407
PKN3*MTOR,427
PKN3*STKLD1,560
PKN3*PKN1,909
PKN3*SRC,413
RPS6KA5*RPS6KA4,902
RPS6KA5*RPS6KA1,907
RPS6KA5*RPS6KA3,907
RPS6KA5*RPS6KA2,906
RPS6KA5*RPS6KA6,907
RPS6KA5*GSK3A,434
RPS6KA5*GSK3B,420
RPS6KA5*MAPK3,931
RPS6KA5*MAPK1,939
RPS6KA5*NRBP1,416
RPS6KA4*RPS6KA1,911
RPS6KA4*RPS6KA3,906
RPS6KA4*RPS6KA2,906
RPS6KA4*RPS6KA6,906
RPS6KA4*GSK3A,461
RPS6KA4*MAPK3,944
RPS6KA4*MAPK1,972
RPS6KA4*MAP2K1,409
RPS6KA1*RPS6KA3,961
RPS6KA1*RPS6KA2,965
RPS6KA1*RPS6KA6,901
RPS6KA1*EEF2K,677
RPS6KA1*MTOR,776
RPS6KA1*GSK3A,467
RPS6KA1*GSK3B,609
RPS6KA1*MAPK3,982
RPS6KA1*MAPK1,998
RPS6KA1*MAPK7,940
RPS6KA1*BUB1,864
RPS6KA1*CHUK,921
RPS6KA1*IKBKB,928
RPS6KA1*MYT1,904
RPS6KA1*PKMYT1,827
RPS6KA1*MAP2K1,430
RPS6KA1*FGFR1,706
RPS6KA3*RPS6KA2,925
RPS6KA3*RPS6KA6,912
RPS6KA3*TRPM6,402
RPS6KA3*MTOR,588
RPS6KA3*GSK3A,431
RPS6KA3*GSK3B,479
RPS6KA3*MAPK3,989
RPS6KA3*MAPK1,991
RPS6KA3*MAPK7,933
RPS6KA3*BUB1,849
RPS6KA3*PKMYT1,813
RPS6KA3*MAP2K1,415
RPS6KA3*FGFR1,479
RPS6KA3*FYN,521
RPS6KA3*SRC,468
RPS6KA2*RPS6KA6,907
RPS6KA2*MTOR,666
RPS6KA2*GSK3A,427
RPS6KA2*GSK3B,471
RPS6KA2*MAPK3,987
RPS6KA2*MAPK1,992
RPS6KA2*MAPK7,933
RPS6KA2*BUB1,827
RPS6KA2*PKMYT1,817
RPS6KA2*MAP2K1,581
RPS6KA2*BRAF,410
RPS6KA6*MAPK3,939
RPS6KA6*MAPK1,935
RPS6KA6*MAPK7,843
RPS6KA6*BUB1,816
RPS6KA6*PKMYT1,810
RSKR*SGK3,418
RSKR*MTOR,429
RSKR*SMG1,403
RSKR*PASK,418
RSKR*GAK,410
RSKR*MAP3K1,733
RSKR*MAP3K2,737
RSKR*MAP3K3,746
RSKR*STK24,439
RSKR*STK25,417
RSKR*STK26,420
RSKR*MAP3K8,473
RSKR*MAP3K14,739
RSKR*LRRK2,666
SGK1*SGK2,808
SGK1*PDK1,424
SGK1*PDK2,498
SGK1*PDK4,409
SGK1*MTOR,995
SGK1*SMG1,447
SGK1*GSK3B,446
SGK1*MAPK7,520
SGK1*CAMKK2,414
SGK1*WNK2,420
SGK1*WNK1,656
SGK1*WNK4,497
SGK1*INSR,921
SGK1*SRC,928
SGK1*RAF1,820
SGK2*MTOR,749
SGK2*RAF1,633
SGK3*MTOR,819
SGK3*TRIB3,546
SGK3*MOS,500
STK32C*TTBK1,484
STK32C*LMTK2,402
STK32A*CDK18,405
COQ8B*ADCK1,445
COQ8B*ADCK5,470
COQ8B*ADCK2,615
COQ8A*ADCK1,450
COQ8A*ADCK5,447
COQ8A*ADCK2,658
COQ8A*TRIM33,421
COQ8A*IRAK1,421
COQ8A*IRAK2,421
COQ8A*LRRK2,529
ADCK1*ADCK2,508
ADCK1*RIOK2,409
ADCK1*CDKL3,511
ADCK1*TP53RK,401
ADCK1*AAK1,540
ADCK1*SCYL2,416
ADCK5*ADCK2,507
ADCK5*RIOK2,409
ADCK2*AAK1,529
TRPM7*TRPM6,858
TRPM7*PKD1,550
TRPM7*PKD2,664
TRPM7*MLKL,906
TRPM6*PKD1,543
TRPM6*PKD2,629
TRPM6*ALPK3,404
TRPM6*WNK4,408
EEF2K*MTOR,532
EEF2K*CDK1,458
EEF2K*ERN2,421
EEF2K*NRBP1,432
BCR*MTOR,924
BCR*TRIM24,523
BCR*CSNK2A2,514
BCR*ABL1,997
BCR*ABL2,456
BCR*ALK,417
BCR*CSK,911
BCR*EGFR,419
BCR*FES,759
BCR*FGFR1,637
BCR*JAK2,955
BCR*FLT3,469
BCR*KIT,852
BCR*PDGFRB,404
BCR*HCK,768
BCR*LYN,941
BCR*SRC,613
BCR*SYK,916
BCR*BTK,920
BRD2*BRD3,830
BRD2*BRD4,528
BRD2*TAF1,540
BRD2*TAF1L,525
BRD2*DAPK1,428
BRD2*CDK2,416
BRD2*CDK8,640
BRD2*CDK9,831
BRD2*CSNK2A1,696
BRD2*CSNK2A2,614
BRD3*BRD4,831
BRD3*TAF1,516
BRD3*TAF1L,475
BRD3*CDK9,603
BRD3*SRPK2,547
BRD4*MTOR,407
BRD4*TRRAP,516
BRD4*TAF1,482
BRD4*TAF1L,537
BRD4*CHEK1,423
BRD4*VRK1,448
BRD4*CDK2,405
BRD4*CDK4,405
BRD4*CDK6,484
BRD4*CDK7,623
BRD4*CDK8,681
BRD4*CDK9,998
BRD4*CDK13,419
BRD4*CDK12,481
BRD4*MAPK7,428
BRD4*SRPK2,435
BRD4*PLK1,607
BRD4*MAP2K1,474
BRD4*EGFR,412
BRD4*FGFR3,453
BRD4*JAK2,493
BRD4*FLT3,402
BRDT*TAF1,481
BRDT*TAF1L,493
BRDT*CDK9,858
BRDT*NEK7,422
BCKDK*PHKG1,405
BCKDK*MAP3K4,517
BCKDK*MAP4K1,592
BCKDK*LRRK2,602
PDK1*PDK2,922
PDK1*PDK3,877
PDK1*PDK4,610
PDK1*MTOR,788
PDK1*GSK3B,404
PDK1*MAP3K4,483
PDK1*ZAP70,541
PDK2*PDK3,688
PDK2*PDK4,683
PDK2*MTOR,524
PDK2*PRKD1,535
PDK2*MAP3K4,483
PDK2*IRAK1,526
PDK3*PDK4,606
PDK3*MAP3K4,483
PDK3*EPHB6,609
PDK4*MTOR,439
PDK4*MAP3K4,483
PDK4*GCK,401
PDK4*INSR,437
PDK4*LRRK2,422
ATM*ATR,998
ATM*MTOR,588
ATM*SMG1,610
ATM*TRRAP,630
ATM*TAF1,422
ATM*TRIM28,982
ATM*CHEK1,998
ATM*STK11,950
ATM*DAPK1,473
ATM*CHEK2,999
ATM*CDK1,822
ATM*CDK2,956
ATM*CDK3,436
ATM*CDK4,942
ATM*CDK6,637
ATM*CDK5,724
ATM*CDK7,415
ATM*CDK9,468
ATM*CDK12,596
ATM*DYRK2,945
ATM*HIPK2,551
ATM*MAPK3,510
ATM*MAPK1,429
ATM*MAPK7,658
ATM*MAPK8,776
ATM*AURKA,585
ATM*BUB1B,578
ATM*BUB1,590
ATM*CDC7,621
ATM*CSNK2A1,412
ATM*CHUK,465
ATM*IKBKB,617
ATM*EIF2AK3,689
ATM*PLK1,777
ATM*PLK3,960
ATM*PLK4,472
ATM*PLK2,500
ATM*TLK1,420
ATM*PKMYT1,497
ATM*WEE1,807
ATM*WEE2,445
ATM*MAP3K1,480
ATM*MAP2K1,461
ATM*MAP2K7,493
ATM*ABL1,999
ATM*ALK,531
ATM*EGFR,804
ATM*FGFR1,475
ATM*FGFR2,530
ATM*FGFR3,528
ATM*IGF1R,467
ATM*JAK2,521
ATM*JAK3,473
ATM*FLT3,475
ATM*KIT,523
ATM*PDGFRA,476
ATM*RET,532
ATM*SRC,523
ATM*ZAP70,460
ATM*BTK,407
ATM*KDR,435
ATM*MAP3K7,485
ATM*RIPK1,576
ATM*TGFBR2,421
ATR*MTOR,459
ATR*SMG1,434
ATR*TRRAP,411
ATR*CHEK1,999
ATR*CHEK2,999
ATR*CDK1,715
ATR*CDK2,966
ATR*CDK3,424
ATR*CDK4,506
ATR*CDK6,440
ATR*CDK16,406
ATR*BUB1B,425
ATR*BUB1,534
ATR*CDC7,980
ATR*PLK1,566
ATR*PLK3,930
ATR*PIK3R4,478
ATR*PKMYT1,703
ATR*WEE1,811
ATR*WEE2,634
ATR*ABL1,962
ANTXR1*NEK7,453
ANTXR1*MAP2K7,560
ANTXR1*KDR,807
MTOR*TRRAP,461
MTOR*BRSK2,473
MTOR*CHEK1,721
MTOR*STK11,799
MTOR*MARK2,524
MTOR*DAPK1,421
MTOR*MKNK1,404
MTOR*PIM2,448
MTOR*PKD1,435
MTOR*CHEK2,621
MTOR*TRIB3,562
MTOR*CDK1,534
MTOR*CDK2,597
MTOR*CDK4,639
MTOR*CDK6,479
MTOR*CDK5,515
MTOR*GSK3A,517
MTOR*GSK3B,843
MTOR*MAPK3,788
MTOR*MAPK1,699
MTOR*MAPK7,524
MTOR*MAPK8,697
MTOR*CAMKK2,559
MTOR*CSNK2A2,422
MTOR*CHUK,958
MTOR*IKBKB,759
MTOR*TBK1,566
MTOR*ERN1,555
MTOR*PINK1,578
MTOR*EIF2AK4,861
MTOR*EIF2AK3,614
MTOR*EIF2AK1,447
MTOR*PLK1,404
MTOR*SCYL2,433
MTOR*ULK1,999
MTOR*ULK2,993
MTOR*ULK3,802
MTOR*PIK3R4,811
MTOR*WEE1,455
MTOR*MAP3K3,400
MTOR*MAP3K5,408
MTOR*PKN1,438
MTOR*MAP2K1,683
MTOR*MAP2K7,725
MTOR*ABL1,606
MTOR*ALK,548
MTOR*AXL,433
MTOR*EGFR,978
MTOR*PTK2,442
MTOR*FGFR1,460
MTOR*IGF1R,826
MTOR*INSR,600
MTOR*JAK1,460
MTOR*JAK2,596
MTOR*MET,638
MTOR*FLT3,521
MTOR*KIT,589
MTOR*PDGFRA,489
MTOR*PDGFRB,533
MTOR*RET,522
MTOR*FYN,420
MTOR*LCK,446
MTOR*LYN,400
MTOR*SRC,692
MTOR*SYK,538
MTOR*BTK,548
MTOR*NTRK1,552
MTOR*NTRK2,752
MTOR*FLT1,499
MTOR*FLT4,451
MTOR*KDR,677
MTOR*LRRK2,662
MTOR*ILK,748
MTOR*BRAF,589
MTOR*KSR1,525
MTOR*RAF1,584
SMG1*TRRAP,518
SMG1*CHEK1,615
SMG1*CHEK2,632
SMG1*PIK3R4,411
TRRAP*RIOK1,495
TRRAP*TAF1,540
TRRAP*TAF1L,622
TRRAP*TRIM28,450
TRRAP*CHEK1,506
TRRAP*CHEK2,580
TRRAP*CDK8,605
TRRAP*NEK2,458
TRRAP*PRAG1,654
TRRAP*EPHB2,423
TRRAP*MAP3K7,753
RIOK1*RIOK2,969
RIOK1*RIOK3,919
RIOK1*TP53RK,623
RIOK1*CSNK2A1,652
RIOK1*EGFR,525
RIOK2*RIOK3,992
RIOK2*CSNK1G2,443
RIOK2*TTBK2,581
RIOK2*TTBK1,563
RIOK2*VRK1,580
RIOK2*VRK2,565
RIOK2*VRK3,563
RIOK2*SRPK1,496
RIOK2*SRPK2,466
RIOK2*TP53RK,558
RIOK2*CSNK2A1,449
RIOK2*TLK1,422
RIOK2*MYO3A,571
RIOK3*ACTR2,450
TAF1*TAF1L,900
TAF1*CDK7,722
TAF1*MAPK8,901
TAF1*CSNK2A1,495
TAF1L*CDK7,703
TRIM24*TRIM28,860
TRIM24*TRIM33,892
TRIM24*CAMK2A,902
TRIM24*CAMK2B,902
TRIM24*CAMK2G,903
TRIM24*CAMK2D,902
TRIM24*MARK3,617
TRIM24*MAPK3,652
TRIM24*MAPK1,665
TRIM24*MAP2K1,658
TRIM24*MAP2K2,617
TRIM24*CSK,607
TRIM24*FGFR1,692
TRIM24*JAK2,912
TRIM24*RET,744
TRIM24*SRC,648
TRIM24*ARAF,904
TRIM24*BRAF,759
TRIM24*KSR1,615
TRIM24*RAF1,909
TRIM24*KSR2,615
TRIM24*CNKSR2,600
TRIM28*TRIM33,751
TRIM28*CHEK2,504
TRIM28*CDK4,459
TRIM28*CDK9,565
TRIM28*MAPK3,456
TRIM28*NR2C2,548
TRIM33*CDK9,720
TRIM33*RET,586
CAMK1G*CAMK1D,457
CAMK1G*CAMK2A,579
CAMK1G*CAMK2B,466
CAMK1G*CAMK2G,464
CAMK1G*CAMK2D,422
CAMK1G*PKDCC,439
CAMK4*CAMK2A,674
CAMK4*CAMK2B,911
CAMK4*CAMK2G,656
CAMK4*CAMK2D,643
CAMK4*SRPK1,448
CAMK4*CAMKK2,949
CAMK4*CAMKK1,949
CAMK1D*CAMKK1,512
CAMK1D*MOS,402
CAMK2A*CAMK2B,996
CAMK2A*CAMK2G,960
CAMK2A*CAMK2D,996
CAMK2A*MARK3,903
CAMK2A*MAP2K1,620
CAMK2A*MAP2K2,607
CAMK2A*EGFR,402
CAMK2A*JAK1,901
CAMK2A*JAK2,901
CAMK2A*SRC,584
CAMK2A*MAP3K7,903
CAMK2A*ARAF,512
CAMK2A*BRAF,522
CAMK2A*KSR1,904
CAMK2A*RAF1,515
CAMK2A*RIPK3,806
CAMK2B*CAMK2G,953
CAMK2B*CAMK2D,996
CAMK2B*MARK3,908
CAMK2B*CAMKK2,910
CAMK2B*CAMKK1,914
CAMK2B*MAP3K5,908
CAMK2B*MAP2K1,558
CAMK2B*MAP2K2,549
CAMK2B*MAP2K6,908
CAMK2B*MAP2K3,910
CAMK2B*PTK2B,916
CAMK2B*JAK1,901
CAMK2B*JAK2,901
CAMK2B*SRC,910
CAMK2B*ARAF,522
CAMK2B*BRAF,522
CAMK2B*KSR1,905
CAMK2B*RAF1,519
CAMK2B*RIPK3,805
CAMK2G*CAMK2D,987
CAMK2G*MARK3,904
CAMK2G*MAP2K1,614
CAMK2G*MAP2K2,611
CAMK2G*JAK1,902
CAMK2G*JAK2,903
CAMK2G*SRC,586
CAMK2G*ARAF,515
CAMK2G*BRAF,512
CAMK2G*KSR1,905
CAMK2G*RAF1,529
CAMK2D*MARK3,904
CAMK2D*SRPK1,407
CAMK2D*MAP2K1,606
CAMK2D*MAP2K2,607
CAMK2D*JAK1,902
CAMK2D*JAK2,903
CAMK2D*SRC,580
CAMK2D*ARAF,518
CAMK2D*BRAF,512
CAMK2D*KSR1,907
CAMK2D*RAF1,512
CAMK2D*RIPK3,804
BRSK2*STK11,932
BRSK2*PKD1,551
BRSK2*CDK16,447
BRSK2*CDK18,404
BRSK2*HIPK4,415
BRSK2*CAMKK2,505
BRSK2*CAMKK1,468
BRSK2*PLK1,412
BRSK2*PKMYT1,800
BRSK2*WEE1,753
BRSK2*WEE2,614
BRSK1*STK11,929
BRSK1*CDK16,403
BRSK1*CAMKK2,522
BRSK1*CAMKK1,489
BRSK1*PKMYT1,804
BRSK1*WEE1,727
BRSK1*WEE2,633
BRSK1*PAK1,451
CHEK1*MELK,859
CHEK1*MAPKAPK2,400
CHEK1*CHEK2,974
CHEK1*VRK1,456
CHEK1*CDK1,945
CHEK1*CDK2,882
CHEK1*CDK3,589
CHEK1*CDK4,528
CHEK1*CDK6,507
CHEK1*CDK16,533
CHEK1*CDK17,532
CHEK1*CDK18,520
CHEK1*MAPK1,503
CHEK1*SRPK1,484
CHEK1*AURKA,839
CHEK1*BUB1B,913
CHEK1*BUB1,946
CHEK1*CDC7,975
CHEK1*CSNK2A1,571
CHEK1*HASPIN,549
CHEK1*NEK2,771
CHEK1*PLK1,713
CHEK1*PLK4,793
CHEK1*TLK1,614
CHEK1*PBK,855
CHEK1*TTK,847
CHEK1*PKMYT1,856
CHEK1*WEE1,965
CHEK1*WEE2,892
CHEK1*EGFR,534
CHEK1*KIT,653
STK11*MARK2,966
STK11*MARK1,671
STK11*MARK4,945
STK11*NUAK1,895
STK11*SIK3,931
STK11*SIK2,930
STK11*SIK1,950
STK11*SNRK,440
STK11*PKD1,473
STK11*CDK4,418
STK11*GSK3B,514
STK11*MAPK3,540
STK11*MAPK1,459
STK11*CAMKK2,886
STK11*CAMKK1,423
STK11*STK24,485
STK11*STK25,471
STK11*STK26,931
STK11*MAP2K1,466
STK11*MAP2K7,430
STK11*MAP2K3,560
STK11*ALK,711
STK11*MET,522
STK11*SRC,405
STK11*ILK,499
STK11*BMPR1A,651
MARK3*MARK2,538
MARK3*PIM1,748
MARK3*MAPK3,633
MARK3*MAPK1,617
MARK3*CDC7,446
MARK3*MAP2K1,622
MARK3*MAP2K2,611
MARK3*CSK,538
MARK3*JAK2,904
MARK3*SRC,561
MARK3*MAP3K11,907
MARK3*ARAF,562
MARK3*BRAF,547
MARK3*KSR1,958
MARK3*RAF1,601
MARK3*KSR2,536
MARK3*CNKSR2,510
MARK2*MARK1,500
MARK2*MARK4,581
MARK2*PINK1,769
MARK2*MAP3K11,408
MARK1*MARK4,421
MARK1*BUB1B,420
MARK1*LRRK2,495
MELK*VRK1,489
MELK*CDK1,985
MELK*CDK2,453
MELK*SRPK1,475
MELK*SRPK2,418
MELK*AURKA,929
MELK*BUB1B,955
MELK*BUB1,980
MELK*CDC7,524
MELK*HASPIN,514
MELK*NEK2,863
MELK*PLK1,872
MELK*PLK4,827
MELK*PBK,980
MELK*TTK,933
MELK*PKMYT1,637
NIM1K*SCYL3,414
NIM1K*WEE1,532
SIK1*NR4A3,448
STK40*TRIB1,895
STK40*TRIB2,533
STK40*TRIB3,815
STK40*VRK3,462
STK40*MAPK6,402
STK40*PDIK1L,434
STK40*STK35,415
STK40*KSR2,427
CASK*SRPK2,404
CSN3*DDR1,431
DAPK1*DAPK2,804
DAPK1*DAPK3,807
DAPK1*KALRN,550
DAPK1*MAPK3,950
DAPK1*MAPK1,883
DAPK1*LRRK2,428
DAPK1*LRRK1,483
DAPK2*DAPK3,807
DAPK2*MAPK3,857
DAPK2*MAPK1,852
DAPK3*MAPK3,861
DAPK3*MAPK1,862
DAPK3*MAP2K2,411
DCLK1*GAK,695
DCLK3*KSR1,467
MAPKAPK2*MAPKAPK3,908
MAPKAPK2*MAPK3,755
MAPKAPK2*MAPK1,934
MAPKAPK2*MAPK7,520
MAPKAPK2*MAPK15,436
MAPKAPK2*MAPK8,428
MAPKAPK2*MAPK10,445
MAPKAPK2*MOS,408
MAPKAPK2*MAP2K6,949
MAPKAPK2*MAP2K3,938
MAPKAPK2*MAP2K4,412
MAPKAPK2*ABL1,545
MAPKAPK2*LYN,435
MAPKAPK2*SRC,749
MAPKAPK2*IRAK4,476
MAPKAPK2*RIPK3,444
MAPKAPK3*MAPK3,527
MAPKAPK3*MAPK1,551
MAPKAPK3*MAPK7,496
MAPKAPK3*MAPK15,429
MAPKAPK3*MAP2K6,925
MAPKAPK3*MAP2K3,934
MAPKAPK3*MAP2K4,415
MAPKAPK3*SRC,755
MAPKAPK5*KALRN,810
MAPKAPK5*VRK1,423
MAPKAPK5*DYRK1A,412
MAPKAPK5*MAPK1,717
MAPKAPK5*MAPK6,986
MAPKAPK5*MAPK4,925
MAPKAPK5*MAPK7,468
MAPKAPK5*MAPK15,417
MAPKAPK5*MAPK9,683
MAPKAPK5*SRPK1,500
MAPKAPK5*MAP2K6,924
MAPKAPK5*MAP2K3,921
MAPKAPK5*MAP2K4,525
MAPKAPK5*FYN,490
MAPKAPK5*NTRK1,683
MKNK1*MKNK2,809
MKNK1*MAPK3,943
MKNK1*MAPK1,980
MKNK1*MAPK6,415
MKNK1*PAK2,617
MKNK2*MAPK3,934
MKNK2*MAPK1,991
MKNK2*MAPK6,433
MKNK2*SRPK1,551
MKNK2*MST1R,469
TTN*MAPK1,504
TTN*SRC,457
TTN*ILK,436
MYLK4*PAK1,647
MYLK4*PAK2,649
MYLK4*PAK3,640
MYLK4*PAK4,650
MYLK4*PAK5,623
PHKG1*PHKG2,593
PIM3*SRPK1,524
PIM3*HASPIN,436
PIM3*MOS,402
PIM1*PIM2,830
PIM1*MOS,427
PIM1*PDIK1L,419
PIM1*EGFR,663
PIM1*EPHA3,426
PIM1*BMX,438
PIM1*IRAK4,471
PIM2*CDK9,411
PIM2*PDIK1L,417
PIM2*JAK2,410
PIM2*FLT3,473
PKD1*PRKD1,672
PKD1*PKD2,994
PKD1*CDK18,444
PKD1*NEK8,638
PKD1*NEK9,518
PKD1*PTK2,914
PKD1*JAK2,467
PKD1*SRC,704
PRKD1*PKD2,733
PRKD1*PRKD2,803
PRKD1*IGF1R,924
PRKD1*SRC,421
PRKD1*SYK,541
PKD2*CSNK2A1,440
PKD2*CSNK2A2,414
PKD2*NEK8,799
PKD2*NEK9,553
PSKH1*POMK,498
PSKH2*MOS,437
PSKH2*PRAG1,518
CHEK2*TSSK1B,402
CHEK2*VRK1,447
CHEK2*CDK1,596
CHEK2*CDK2,544
CHEK2*CDK3,456
CHEK2*CDK4,588
CHEK2*CDK6,461
CHEK2*CDK16,424
CHEK2*CDK17,418
CHEK2*CDK18,430
CHEK2*MAPK3,762
CHEK2*MAPK1,742
CHEK2*SRPK1,439
CHEK2*AURKA,483
CHEK2*BUB1B,636
CHEK2*BUB1,640
CHEK2*CDC7,983
CHEK2*RNASEL,405
CHEK2*PLK1,912
CHEK2*PLK3,986
CHEK2*PLK4,522
CHEK2*PLK2,611
CHEK2*PKMYT1,803
CHEK2*WEE1,823
CHEK2*WEE2,789
CHEK2*STK4,832
CHEK2*STK3,823
CHEK2*BMPR1A,422
TRIB1*TRIB2,699
TRIB1*VRK3,429
TRIB1*MAP2K1,943
TRIB1*MAP2K4,494
TRIB2*VRK3,417
TRIB3*ERN1,555
TRIB3*EIF2AK4,561
TRIB3*EIF2AK3,485
TRIB3*MAP3K1,457
TRIB3*MAP2K1,703
TRIB3*BMPR2,461
TRIO*PAK1,915
TRIO*ABL1,450
TRIO*ABL2,413
TRIO*PTK2,693
TRIO*FYN,658
TRIO*SRC,670
KALRN*CDK5,567
KALRN*MAPK6,802
KALRN*UHMK1,403
KALRN*PAK1,934
KALRN*ABL1,498
KALRN*ABL2,505
KALRN*EPHA4,475
KALRN*EPHB1,499
KALRN*EPHB2,962
KALRN*FYN,457
KALRN*NTRK1,526
KALRN*NTRK2,410
KALRN*LIMK1,525
KALRN*CNKSR2,447
TSSK3*MOS,488
TSSK3*STK3,464
TSSK2*MOS,480
TSSK6*MOS,479
TSSK6*MAP2K6,411
TSSK6*MAP2K3,431
TSSK4*CDK4,471
TSSK4*CDK6,406
TSSK4*NRBP2,450
TSSK4*STK4,460
TSSK1B*MOS,533
CSNK1G2*GSK3B,930
TTBK2*MAP3K14,458
TTBK1*CDK5,425
TTBK1*MAP3K14,708
TTBK1*RET,465
VRK1*CDK1,762
VRK1*CDK2,417
VRK1*CDK9,488
VRK1*SRPK2,424
VRK1*AURKA,402
VRK1*BUB1B,438
VRK1*BUB1,551
VRK1*CDC7,541
VRK1*HASPIN,543
VRK1*PLK1,520
VRK1*PLK3,541
VRK1*PLK4,423
VRK1*PBK,500
VRK1*TTK,519
VRK2*MAPK8,418
VRK2*MAP2K1,510
VRK2*MAP2K7,589
VRK2*MAP3K7,557
VRK2*KSR1,868
VRK2*RIPK4,454
VRK3*MAPK3,920
VRK3*MAPK1,924
VRK3*MAPK7,912
VRK3*PRAG1,619
VRK3*ILK,545
VRK3*KSR1,416
CDK1*CDK2,987
CDK1*CDK3,566
CDK1*CDK4,933
CDK1*CDK6,926
CDK1*CDK5,907
CDK1*CDK7,980
CDK1*CDK8,922
CDK1*CDK9,912
CDK1*CDK13,794
CDK1*CDK12,774
CDK1*MAPK6,917
CDK1*AURKA,982
CDK1*BUB1B,999
CDK1*BUB1,999
CDK1*CDC7,926
CDK1*CSNK2A1,594
CDK1*HASPIN,662
CDK1*NEK2,940
CDK1*NEK9,916
CDK1*PLK1,996
CDK1*PLK3,506
CDK1*PLK4,871
CDK1*PLK2,891
CDK1*PBK,998
CDK1*TTK,993
CDK1*MYT1,970
CDK1*PKMYT1,997
CDK1*WEE1,998
CDK1*WEE2,910
CDK1*PKN1,908
CDK1*SLK,805
CDK1*MAP2K1,929
CDK1*ABL1,461
CDK1*EGFR,828
CDK1*EPHB2,825
CDK1*BLK,508
CDK1*FYN,423
CDK1*LYN,890
CDK1*SRC,950
CDK1*YES1,433
CDK2*CDK4,922
CDK2*CDK6,973
CDK2*CDK5,907
CDK2*CDK7,992
CDK2*CDK8,921
CDK2*CDK9,915
CDK2*CDK13,860
CDK2*CDK12,773
CDK2*CDK20,521
CDK2*MAPK3,931
CDK2*MAPK1,931
CDK2*MAPK15,702
CDK2*AURKA,616
CDK2*BUB1B,730
CDK2*BUB1,775
CDK2*CDC7,972
CDK2*PLK1,601
CDK2*PLK3,440
CDK2*PLK4,488
CDK2*PLK2,444
CDK2*PBK,652
CDK2*TTK,613
CDK2*PKMYT1,700
CDK2*WEE1,935
CDK2*WEE2,451
CDK2*ABL1,925
CDK2*FLT3,467
CDK2*PTK6,671
CDK2*LYN,643
CDK2*LRRK2,572
CDK3*BUB1B,504
CDK3*BUB1,513
CDK3*CDC7,414
CDK3*PLK1,450
CDK3*PLK3,401
CDK3*PKMYT1,634
CDK3*WEE1,546
CDK3*WEE2,433
CDK4*CDK6,942
CDK4*CDK5,920
CDK4*CDK7,955
CDK4*CDK8,922
CDK4*CDK9,918
CDK4*CDK13,873
CDK4*CDK12,779
CDK4*GSK3B,923
CDK4*MAPK1,465
CDK4*AURKA,508
CDK4*BUB1B,615
CDK4*BUB1,625
CDK4*CDC7,877
CDK4*PLK1,588
CDK4*PKMYT1,539
CDK4*WEE1,560
CDK4*WEE2,509
CDK4*MAP2K1,401
CDK4*ABL1,922
CDK4*JAK2,926
CDK4*JAK3,512
CDK4*PTK6,670
CDK4*LYN,927
CDK4*SRC,935
CDK6*CDK5,917
CDK6*CDK7,955
CDK6*CDK8,924
CDK6*CDK9,767
CDK6*CDK13,774
CDK6*CDK12,776
CDK6*GSK3B,920
CDK6*AURKA,459
CDK6*BUB1B,567
CDK6*BUB1,600
CDK6*CDC7,616
CDK6*PLK1,402
CDK6*PKMYT1,476
CDK6*WEE1,776
CDK6*WEE2,514
CDK6*ABL1,919
CDK6*JAK2,924
CDK6*PTK6,921
CDK6*LYN,918
CDK6*SRC,928
CDK5*CDK7,934
CDK5*CDK8,905
CDK5*GSK3B,955
CDK5*GAK,569
CDK5*PINK1,489
CDK5*PAK1,937
CDK5*MAP2K1,936
CDK5*ABL1,938
CDK5*EPHA3,904
CDK5*EPHA4,928
CDK5*EPHA5,904
CDK5*EPHA7,906
CDK5*EPHA6,902
CDK5*AATK,755
CDK5*LMTK2,559
CDK5*FYN,890
CDK5*SRC,411
CDK5*NTRK2,733
CDK5*LRRK2,630
CDK7*CDK8,928
CDK7*CDK11B,462
CDK7*CDK19,453
CDK7*CDK9,974
CDK7*CDK13,819
CDK7*CDK12,818
CDK7*BUB1B,419
CDK7*BUB1,488
CDK7*HASPIN,405
CDK7*WEE1,639
CDK8*CDK19,973
CDK8*CDK9,831
CDK8*CDK16,409
CDK8*BUB1,406
CDK8*HASPIN,467
CDK8*WEE1,413
CDK8*ACVR1B,478
CDK11B*CSNK2A2,655
CDK11B*PAK1,546
CDK19*HASPIN,421
CDK9*CDK13,758
CDK9*CDK12,866
CDK13*CDK12,900
CDK13*STKLD1,425
CDK12*CDK20,502
CDK12*PRPF4B,441
CDK12*LRRK2,428
CDK16*CDK20,401
CDK16*BUB1B,451
CDK16*BUB1,462
CDK16*CSNK2A2,516
CDK16*PLK1,410
CDK16*PLK2,400
CDK16*PKMYT1,662
CDK16*WEE1,481
CDK16*WEE2,463
CDK17*CDK20,400
CDK17*BUB1B,451
CDK17*BUB1,451
CDK17*PKMYT1,640
CDK17*WEE1,502
CDK17*WEE2,463
CDK18*BUB1B,457
CDK18*BUB1,457
CDK18*PLK1,402
CDK18*PKMYT1,648
CDK18*WEE1,491
CDK18*WEE2,463
CDK20*CDC7,439
CDKL1*CDKL4,692
CLK1*CLK2,684
CLK1*CLK3,443
CLK1*CLK4,991
CLK1*PRPF4B,544
CLK1*SRPK1,691
CLK1*SRPK2,689
CLK1*SRPK3,499
CLK2*CLK3,886
CLK2*PRPF4B,530
CLK2*SRPK1,509
CLK2*SRPK2,809
CLK2*SRPK3,437
CLK3*SRPK1,543
CLK3*SRPK2,741
CLK3*SRPK3,460
CLK4*SRPK1,688
CLK4*SRPK2,545
CLK4*SRPK3,466
CLK4*PDGFRB,436
DYRK1B*MAPK1,414
DYRK1B*MAP2K3,489
DYRK1A*SRPK1,524
DYRK1A*CAMKK2,566
DYRK1A*HASPIN,407
DYRK1A*WEE1,470
DYRK1A*MAP3K1,470
DYRK1A*TXK,496
DYRK2*HASPIN,413
HIPK2*NLK,945
HIPK2*ABL1,465
HIPK2*MAP3K7,952
HIPK4*NTRK3,489
PRPF4*PRPF4B,940
PRPF4*EIF2AK4,424
PRPF4B*SRPK1,444
PRPF4B*SRPK2,559
PRPF4B*SRPK3,545
PRPF4B*SLTM,575
GSK3A*GSK3B,935
GSK3A*LRRK2,405
GSK3B*MAPK1,598
GSK3B*AURKA,977
GSK3B*TBK1,489
GSK3B*MAP3K1,430
GSK3B*MAP3K2,406
GSK3B*MAP3K4,406
GSK3B*MAP2K1,878
GSK3B*MAP2K2,870
GSK3B*MAP2K7,884
GSK3B*PTK2,456
GSK3B*PTK2B,915
GSK3B*IGF1R,531
GSK3B*INSR,409
GSK3B*MET,436
GSK3B*RYK,457
GSK3B*FYN,923
GSK3B*SRC,601
GSK3B*NTRK2,483
GSK3B*LRRK2,890
GSK3B*ILK,976
GSK3B*ARAF,814
GSK3B*BRAF,822
GSK3B*RAF1,830
MAPK3*MAPK1,988
MAPK3*MAPK7,621
MAPK3*MAPK8,934
MAPK3*MAPK9,586
MAPK3*MAPK10,576
MAPK3*MYT1,905
MAPK3*WEE1,441
MAPK3*MAP3K1,796
MAPK3*MAP3K2,447
MAPK3*MAP3K3,580
MAPK3*MAP3K4,447
MAPK3*PAK1,657
MAPK3*PAK2,796
MAPK3*PAK3,603
MAPK3*MAP2K1,998
MAPK3*MAP2K2,995
MAPK3*MAP2K5,569
MAPK3*MAP2K6,902
MAPK3*MAP2K7,422
MAPK3*MAP2K3,928
MAPK3*MAP3K14,941
MAPK3*ALK,564
MAPK3*CSK,746
MAPK3*MATK,919
MAPK3*EGFR,960
MAPK3*PTK2,944
MAPK3*FGFR1,934
MAPK3*FGFR2,928
MAPK3*FGFR3,926
MAPK3*FGFR4,925
MAPK3*IGF1R,939
MAPK3*INSR,468
MAPK3*JAK1,935
MAPK3*JAK2,937
MAPK3*JAK3,928
MAPK3*TYK2,924
MAPK3*MET,936
MAPK3*RET,708
MAPK3*FYN,465
MAPK3*LCK,948
MAPK3*LYN,969
MAPK3*SRC,971
MAPK3*SYK,462
MAPK3*TEK,444
MAPK3*NTRK1,945
MAPK3*NTRK3,404
MAPK3*LRRK2,522
MAPK3*ILK,736
MAPK3*MAP3K7,849
MAPK3*ARAF,825
MAPK3*BRAF,982
MAPK3*KSR1,968
MAPK3*RAF1,986
MAPK3*KSR2,844
MAPK3*CNKSR2,717
MAPK1*MAPK7,647
MAPK1*MAPK8,931
MAPK1*MAPK9,581
MAPK1*MAPK10,574
MAPK1*CILK1,516
MAPK1*CSNK2A1,446
MAPK1*NEK2,481
MAPK1*MYT1,900
MAPK1*WEE1,428
MAPK1*MAP3K1,898
MAPK1*MAP3K2,438
MAPK1*MAP3K3,571
MAPK1*MAP3K4,448
MAPK1*PAK1,706
MAPK1*PAK2,696
MAPK1*PAK3,607
MAPK1*PAK4,400
MAPK1*MAP2K1,998
MAPK1*MAP2K2,999
MAPK1*MAP2K5,545
MAPK1*MAP2K6,924
MAPK1*MAP2K7,665
MAPK1*MAP2K3,914
MAPK1*MAP2K4,421
MAPK1*MAP3K14,931
MAPK1*ABL1,459
MAPK1*ALK,571
MAPK1*CSK,720
MAPK1*MATK,913
MAPK1*EGFR,962
MAPK1*PTK2,929
MAPK1*FGFR1,923
MAPK1*FGFR2,923
MAPK1*FGFR3,920
MAPK1*FGFR4,919
MAPK1*IGF1R,935
MAPK1*INSR,463
MAPK1*JAK1,932
MAPK1*JAK2,929
MAPK1*JAK3,923
MAPK1*TYK2,919
MAPK1*MET,925
MAPK1*RET,676
MAPK1*FYN,938
MAPK1*LCK,977
MAPK1*LYN,948
MAPK1*SRC,956
MAPK1*YES1,922
MAPK1*NTRK1,926
MAPK1*KDR,415
MAPK1*LRRK2,507
MAPK1*ILK,440
MAPK1*MAP3K10,404
MAPK1*MAP3K7,849
MAPK1*ARAF,819
MAPK1*BRAF,987
MAPK1*KSR1,984
MAPK1*RAF1,989
MAPK1*KSR2,865
MAPK1*CNKSR2,714
MAPK6*PAK1,924
MAPK6*PAK2,925
MAPK6*PAK3,924
MAPK6*MAP2K1,487
MAPK6*MAP2K2,531
MAPK6*MAP2K5,475
MAPK6*IRAK1,515
MAPK4*PAK1,925
MAPK4*PAK2,924
MAPK4*PAK3,925
MAPK4*MAP2K1,443
MAPK4*MAP2K2,429
MAPK4*MAP2K5,461
MAPK4*MAP2K4,595
MAPK7*MAP3K1,410
MAPK7*MAP3K2,646
MAPK7*MAP3K3,565
MAPK7*MAP3K4,462
MAPK7*PAK1,415
MAPK7*PAK2,411
MAPK7*MAP2K1,661
MAPK7*MAP2K2,612
MAPK7*MAP2K5,997
MAPK7*MAP2K6,944
MAPK7*MAP2K3,510
MAPK7*RET,647
MAPK7*ARAF,400
MAPK7*RAF1,556
MAPK15*MAP2K1,493
MAPK15*MAP2K2,405
MAPK15*MAP2K5,545
MAPK15*SRC,429
MAPK8*MAPK9,980
MAPK8*MAPK10,904
MAPK8*PBK,510
MAPK8*PIK3R4,419
MAPK8*MAP3K1,991
MAPK8*MAP3K2,406
MAPK8*MAP3K4,535
MAPK8*MAP3K5,867
MAPK8*PAK1,933
MAPK8*MAP2K1,881
MAPK8*MAP2K2,863
MAPK8*MAP2K6,943
MAPK8*MAP2K7,998
MAPK8*MAP2K3,946
MAPK8*MAP2K4,996
MAPK8*ABL1,918
MAPK8*CSK,421
MAPK8*EGFR,731
MAPK8*PTK2,437
MAPK8*PTK2B,949
MAPK8*IGF1R,524
MAPK8*JAK1,928
MAPK8*JAK3,925
MAPK8*MET,920
MAPK8*KIT,918
MAPK8*RET,932
MAPK8*ROR2,915
MAPK8*FYN,937
MAPK8*LCK,934
MAPK8*LYN,937
MAPK8*SRC,947
MAPK8*BTK,923
MAPK8*TEK,913
MAPK8*IRAK1,501
MAPK8*MAP3K11,954
MAPK8*MAP3K7,948
MAPK8*RIPK2,866
MAPK9*MAPK10,929
MAPK9*MAP3K1,923
MAPK9*MAP3K5,852
MAPK9*PKN1,411
MAPK9*STK25,574
MAPK9*MAP2K1,881
MAPK9*MAP2K2,868
MAPK9*MAP2K6,879
MAPK9*MAP2K7,991
MAPK9*MAP2K3,884
MAPK9*MAP2K4,987
MAPK9*EGFR,704
MAPK9*JAK1,928
MAPK9*JAK3,919
MAPK9*ROR2,909
MAPK9*LCK,931
MAPK9*SRC,880
MAPK9*MAP3K10,503
MAPK9*MAP3K7,892
MAPK9*RIPK2,864
MAPK10*MAP3K1,847
MAPK10*MAP3K5,858
MAPK10*MAP2K1,860
MAPK10*MAP2K2,850
MAPK10*MAP2K6,882
MAPK10*MAP2K7,987
MAPK10*MAP2K3,882
MAPK10*MAP2K4,989
MAPK10*ROR2,911
MAPK10*SRC,882
MAPK10*MAP3K11,439
MAPK10*MAP3K7,895
MAPK10*RIPK2,844
NLK*RYK,486
NLK*MAP3K7,987
MAK*SCYL1,412
ALPK3*EIF2AK3,725
CILK1*SCYL1,412
MOK*ACTR2,451
SRPK1*AURKA,524
SRPK1*NEK4,457
SRPK1*STK26,441
SRPK1*MST1R,444
SRPK2*AURKA,421
SRPK2*CSNK2A2,427
SRPK2*ERN1,410
SRPK2*NEK4,594
SRPK2*ABL1,422
AURKA*BUB1B,965
AURKA*BUB1,993
AURKA*CDC7,649
AURKA*HASPIN,637
AURKA*NEK2,912
AURKA*PLK1,999
AURKA*PLK3,667
AURKA*PLK4,886
AURKA*PLK2,702
AURKA*TLK1,418
AURKA*TLK2,424
AURKA*PBK,926
AURKA*TTK,941
AURKA*PKMYT1,547
AURKA*PAK1,919
AURKA*MAP2K3,573
AURKA*EGFR,432
AURKA*ILK,916
BUB1B*BUB1,998
BUB1B*CDC7,806
BUB1B*HASPIN,841
BUB1B*NEK2,989
BUB1B*PINK1,565
BUB1B*PLK1,999
BUB1B*PLK3,790
BUB1B*PLK4,917
BUB1B*PLK2,742
BUB1B*PBK,973
BUB1B*TTK,995
BUB1B*PKMYT1,667
BUB1B*WEE1,645
BUB1B*WEE2,491
BUB1B*MAP3K1,440
BUB1*CDC7,841
BUB1*HASPIN,909
BUB1*NEK2,973
BUB1*PLK1,999
BUB1*PLK3,712
BUB1*PLK4,942
BUB1*PLK2,890
BUB1*PBK,970
BUB1*TTK,999
BUB1*PKMYT1,799
BUB1*WEE1,633
TP53RK*CSNK2A1,406
TP53RK*HASPIN,446
TP53RK*PIK3R4,427
CAMKK2*CAMKK1,909
CAMKK2*WEE1,465
CDC7*GAK,499
CDC7*NEK2,448
CDC7*PDIK1L,457
CDC7*STK31,467
CDC7*PLK1,780
CDC7*PLK3,571
CDC7*PLK4,713
CDC7*PLK2,539
CDC7*PBK,634
CDC7*TTK,670
CDC7*PKMYT1,432
CDC7*WEE1,516
CDC7*PAK4,428
CDC7*MAP3K21,445
CSNK2A1*CSNK2A2,976
CSNK2A1*WEE1,655
CSNK2A1*SRC,469
CSNK2A1*LRRK2,431
CSNK2A1*KSR1,403
CSNK2A2*MAP2K2,407
CSNK2A2*ABL1,466
CSNK2A2*SYK,475
CSNK2A2*KSR1,556
CSNK2A2*BMPR1A,587
CSNK2A2*TGFBR2,434
HASPIN*NEK2,449
HASPIN*PLK1,764
HASPIN*PBK,406
HASPIN*TTK,751
HASPIN*PKMYT1,450
CHUK*IKBKB,992
CHUK*IKBKE,528
CHUK*TBK1,544
CHUK*EIF2AK4,625
CHUK*EIF2AK3,674
CHUK*EIF2AK2,878
CHUK*EIF2AK1,610
CHUK*MAP3K1,975
CHUK*MAP3K3,958
CHUK*MAP2K6,530
CHUK*MAP2K3,430
CHUK*MAP3K8,941
CHUK*MAP4K4,922
CHUK*MAP3K14,992
CHUK*EGFR,502
CHUK*SRC,623
CHUK*BTK,827
CHUK*NTRK1,907
CHUK*IRAK1,969
CHUK*IRAK2,949
CHUK*IRAK4,929
CHUK*MAP3K7,990
CHUK*RIPK1,965
CHUK*RIPK2,941
CHUK*RIPK3,915
IKBKB*IKBKE,636
IKBKB*TBK1,692
IKBKB*EIF2AK4,627
IKBKB*EIF2AK3,730
IKBKB*EIF2AK2,718
IKBKB*EIF2AK1,610
IKBKB*MAP3K1,975
IKBKB*MAP3K3,944
IKBKB*MAP3K8,924
IKBKB*MAP4K4,911
IKBKB*MAP3K14,989
IKBKB*SRC,891
IKBKB*BTK,830
IKBKB*NTRK1,906
IKBKB*IRAK1,965
IKBKB*IRAK2,922
IKBKB*IRAK4,927
IKBKB*MAP3K7,993
IKBKB*RIPK1,963
IKBKB*RIPK2,943
IKBKB*RIPK3,915
IKBKE*TBK1,987
IKBKE*RNASEL,410
IKBKE*IRAK1,585
IKBKE*IRAK2,416
IKBKE*IRAK3,423
IKBKE*RIPK1,750
TBK1*PINK1,481
TBK1*RNASEL,557
TBK1*ULK1,422
TBK1*MAP3K14,406
TBK1*EGFR,443
TBK1*SRC,417
TBK1*SYK,449
TBK1*IRAK1,659
TBK1*IRAK2,482
TBK1*RIPK1,935
TBK1*RIPK2,497
ERN1*ERN2,566
ERN1*EIF2AK3,452
ERN1*MAP3K5,973
ERN2*MAP3K5,690
MOS*PKMYT1,845
MOS*STK25,498
MOS*STK26,553
MOS*MAP2K1,852
MOS*MAP2K2,866
GAK*AAK1,625
GAK*BMP2K,432
GAK*NEK9,449
GAK*PINK1,549
GAK*RNASEL,448
GAK*WNK1,478
GAK*TNK1,442
GAK*ALK,557
GAK*LRRK2,972
GAK*LRRK1,584
GAK*ACTR2,549
AAK1*SCYL2,465
AAK1*ACTR2,496
STK16*PDIK1L,416
STK16*GCK,455
STK16*MAP2K1,413
STK16*MAP2K2,474
STK16*MAP2K5,492
STK16*IRAK4,408
BMP2K*EPHB2,577
BMP2K*ACTR2,471
NEK1*CNKSR2,505
NEK2*NEK11,424
NEK2*PLK1,719
NEK2*PLK4,665
NEK2*PBK,919
NEK2*TTK,907
NEK4*CNKSR2,426
NEK4*ACTR2,632
NEK6*NEK7,984
NEK6*NEK9,931
NEK7*NEK9,975
NEK8*CNKSR2,441
NEK9*PLK1,949
NEK9*CNKSR2,407
NEK10*MAP3K1,413
SBK3*PRAG1,470
SBK3*TEX14,463
SBK3*PKDCC,503
SBK3*POMK,501
SBK3*TBCK,529
PINK1*EIF2AK4,406
PINK1*ULK1,613
PINK1*ULK2,637
PINK1*PIK3R4,552
PINK1*LRRK2,971
PINK1*LRRK1,723
PRAG1*CSK,942
PDIK1L*NRBP2,451
PDIK1L*MAP2K6,427
PDIK1L*EPHA3,418
PDIK1L*SRC,412
PDIK1L*TXK,468
TEX14*STK31,518
NRBP1*MAP4K4,413
NRBP2*MAP3K3,435
PKDCC*POMK,593
UHMK1*DDR2,447
RNASEL*EIF2AK2,680
RNASEL*JAK1,495
RNASEL*TYK2,475
RNASEL*LRRK2,426
EIF2AK4*EIF2AK3,403
EIF2AK4*PIK3R4,469
EIF2AK4*ACVRL1,443
EIF2AK4*BMPR2,521
EIF2AK3*MAP3K5,566
EIF2AK3*MAP2K7,447
EIF2AK2*PIK3R4,446
EIF2AK2*MAP4K4,905
EIF2AK2*JAK1,536
EIF2AK2*IRAK1,909
EIF2AK2*RIPK1,822
PLK1*PLK4,666
PLK1*PBK,977
PLK1*TTK,955
PLK1*PKMYT1,995
PLK1*WEE1,979
PLK1*WEE2,521
PLK1*STK3,403
PLK1*PAK1,939
PLK1*SLK,831
PLK1*EPHB2,922
PLK1*LRRK2,517
PLK1*RAF1,415
PLK3*PLK4,413
PLK3*PBK,411
PLK3*TTK,560
PLK3*PKMYT1,752
PLK3*WEE1,499
PLK3*WEE2,442
PLK3*KSR1,860
PLK3*RAF1,809
PLK4*PLK2,454
PLK4*PBK,899
PLK4*TTK,921
PLK4*PKMYT1,570
PLK4*WEE1,546
PLK4*WEE2,450
PLK2*PBK,536
PLK2*TTK,613
PLK2*PKMYT1,749
PLK2*WEE1,517
PLK2*WEE2,450
TLK1*TLK2,859
TLK1*JAK1,522
TLK2*JAK1,430
PBK*TTK,974
PBK*PKMYT1,509
PBK*WEE1,413
TTK*PKMYT1,481
TTK*WEE1,419
TTK*EPHB2,675
TTK*LRRK2,516
ULK1*ULK2,922
ULK1*PIK3R4,985
ULK2*PIK3R4,920
ULK3*PIK3R4,567
PIK3R4*FGFR1,600
PIK3R4*FGFR2,600
PIK3R4*FGFR3,600
PIK3R4*FGFR4,600
PIK3R4*FLT3,600
MYT1*PKMYT1,769
MYT1*WEE1,582
PKMYT1*PAK1,455
PKMYT1*PAK2,454
PKMYT1*PAK3,411
WEE1*WEE2,810
WEE1*AXL,471
WEE1*EGFR,429
WNK2*WNK1,867
WNK2*WNK3,535
WNK2*OXSR1,741
WNK1*WNK3,454
WNK1*OXSR1,876
WNK4*OXSR1,886
WNK3*OXSR1,762
MAP3K1*MAP3K4,444
MAP3K1*GCK,900
MAP3K1*MAP4K2,957
MAP3K1*MAP4K1,920
MAP3K1*PAK1,944
MAP3K1*PAK2,928
MAP3K1*MAP2K1,984
MAP3K1*MAP2K2,945
MAP3K1*MAP2K5,946
MAP3K1*MAP2K6,914
MAP3K1*MAP2K7,981
MAP3K1*MAP2K3,919
MAP3K1*MAP2K4,992
MAP3K1*MAP4K4,947
MAP3K1*FGFR2,451
MAP3K1*JAK1,913
MAP3K1*JAK2,913
MAP3K1*IRAK1,918
MAP3K1*MAP3K11,925
MAP3K1*MAP3K7,929
MAP3K1*BRAF,550
MAP3K1*RAF1,415
MAP3K1*RIPK1,915
MAP3K2*MAP3K3,891
MAP3K2*MAP3K4,400
MAP3K2*GCK,900
MAP3K2*PAK1,877
MAP3K2*PAK2,876
MAP3K2*PAK3,412
MAP3K2*MAP2K1,776
MAP3K2*MAP2K2,777
MAP3K2*MAP2K5,998
MAP3K2*MAP2K6,824
MAP3K2*MAP2K7,975
MAP3K2*MAP2K3,867
MAP3K2*MAP2K4,989
MAP3K2*MAP4K4,911
MAP3K2*LYN,403
MAP3K2*SRC,914
MAP3K3*GCK,900
MAP3K3*PAK1,877
MAP3K3*PAK2,876
MAP3K3*PAK3,411
MAP3K3*MAP2K1,776
MAP3K3*MAP2K2,769
MAP3K3*MAP2K5,998
MAP3K3*MAP2K6,838
MAP3K3*MAP2K7,941
MAP3K3*MAP2K3,945
MAP3K3*MAP2K4,958
MAP3K3*MAP4K4,912
MAP3K3*EGFR,665
MAP3K3*IRAK1,941
MAP3K3*IRAK3,498
MAP3K3*MAP3K7,961
MAP3K3*RIPK1,951
MAP3K4*PAK1,919
MAP3K4*PAK2,918
MAP3K4*MAP2K1,799
MAP3K4*MAP2K2,730
MAP3K4*MAP2K5,737
MAP3K4*MAP2K6,989
MAP3K4*MAP2K7,935
MAP3K4*MAP2K3,975
MAP3K4*MAP2K4,958
MAP3K4*PTK2B,474
MAP3K4*RIPK2,553
MAP3K5*MAP3K6,971
MAP3K5*MAP4K1,902
MAP3K5*MAP2K6,984
MAP3K5*MAP2K7,965
MAP3K5*MAP2K3,983
MAP3K5*MAP2K4,990
MAP3K5*MAP4K4,915
MAP3K5*MAP3K14,905
MAP3K5*IGF1R,449
MAP3K5*JAK1,918
MAP3K5*JAK2,504
MAP3K5*MAP3K9,401
MAP3K5*MAP3K10,403
MAP3K5*MAP3K11,437
MAP3K5*MAP3K7,660
MAP3K5*RAF1,653
MAP3K5*RIPK1,936
MAP3K6*MAP2K6,917
MAP3K6*MAP2K3,855
OXSR1*PAK1,406
GCK*MAP3K8,903
GCK*IGF1R,412
GCK*INSR,481
MAP4K2*RIPK1,902
MAP4K1*ABL1,534
MAP4K1*EGFR,783
MAP4K1*LCK,927
MAP4K1*ZAP70,924
MAP4K1*MAP3K11,957
MAP4K1*MAP3K7,932
MST1*MET,608
MST1*MST1R,999
MST1*NTRK1,549
STK4*STK3,973
STK3*RAF1,806
PAK1*PAK2,941
PAK1*PAK3,904
PAK1*PAK4,915
PAK1*PAK5,909
PAK1*MAP2K1,972
PAK1*MAP2K2,926
PAK1*MAP2K6,914
PAK1*MAP2K7,725
PAK1*MAP2K3,916
PAK1*MAP2K4,933
PAK1*MAP3K14,848
PAK1*EGFR,819
PAK1*EPHB1,638
PAK1*EPHB2,907
PAK1*EPHB3,626
PAK1*EPHB4,626
PAK1*EPHB6,625
PAK1*PTK2,913
PAK1*FES,615
PAK1*MUSK,920
PAK1*PDGFRB,903
PAK1*FYN,926
PAK1*LCK,921
PAK1*LYN,418
PAK1*SRC,935
PAK1*YES1,912
PAK1*LIMK2,845
PAK1*LIMK1,962
PAK1*ILK,869
PAK1*RAF1,972
PAK1*ACTR2,470
PKN1*MAP2K6,928
PKN1*MAP2K3,937
PKN1*MAP3K20,956
PAK2*PAK3,902
PAK2*PAK4,913
PAK2*PAK5,911
PAK2*MAP2K1,925
PAK2*MAP2K2,642
PAK2*MAP2K5,405
PAK2*MAP2K7,691
PAK2*MAP2K4,763
PAK2*ABL1,410
PAK2*EPHB1,631
PAK2*EPHB2,634
PAK2*EPHB3,626
PAK2*EPHB4,627
PAK2*EPHB6,620
PAK2*PTK2,911
PAK2*FES,616
PAK2*MUSK,915
PAK2*FYN,944
PAK2*HCK,477
PAK2*LCK,800
PAK2*LYN,435
PAK2*SRC,960
PAK2*YES1,934
PAK2*KDR,900
PAK2*LIMK2,669
PAK2*LIMK1,952
PAK2*BRAF,916
PAK2*RAF1,965
PAK3*PAK4,913
PAK3*PAK5,912
PAK3*MAP2K1,923
PAK3*MAP2K2,630
PAK3*MAP2K4,450
PAK3*EPHB1,647
PAK3*EPHB2,645
PAK3*EPHB3,626
PAK3*EPHB4,626
PAK3*EPHB6,625
PAK3*PTK2,905
PAK3*FES,614
PAK3*MUSK,915
PAK3*FYN,695
PAK3*LCK,693
PAK3*SRC,921
PAK3*LIMK2,664
PAK3*LIMK1,921
PAK3*RAF1,928
PAK4*PAK5,967
PAK4*MAP2K1,880
PAK4*MAP2K2,409
PAK4*ABL1,738
PAK4*PTK2,911
PAK4*FGFR2,933
PAK4*MET,927
PAK4*MUSK,904
PAK4*SRC,928
PAK4*YES1,910
PAK4*LIMK2,693
PAK4*LIMK1,818
PAK4*BRAF,911
PAK4*RAF1,925
PAK5*MAP2K1,864
PAK5*PTK2,905
PAK5*MUSK,904
PAK5*SRC,915
PAK5*LIMK2,660
PAK5*LIMK1,687
PAK5*RAF1,833
STK24*STK25,992
STK24*STK26,992
STK24*LRRK2,477
STK25*STK26,992
STK25*LRRK2,439
STK26*LRRK2,438
MAP2K1*MAP2K2,970
MAP2K1*MAP2K4,920
MAP2K1*MAP3K8,977
MAP2K1*MAP3K14,426
MAP2K1*CSK,727
MAP2K1*EGFR,564
MAP2K1*EPHB1,917
MAP2K1*IGF1R,431
MAP2K1*JAK1,931
MAP2K1*JAK2,665
MAP2K1*JAK3,925
MAP2K1*TYK2,921
MAP2K1*FYN,452
MAP2K1*LCK,933
MAP2K1*SRC,955
MAP2K1*LRRK2,485
MAP2K1*MAP3K7,929
MAP2K1*ARAF,995
MAP2K1*BRAF,999
MAP2K1*KSR1,999
MAP2K1*RAF1,998
MAP2K1*KSR2,996
MAP2K1*CNKSR2,729
MAP2K2*MAP3K8,855
MAP2K2*MAP3K14,431
MAP2K2*CSK,737
MAP2K2*EGFR,450
MAP2K2*JAK1,923
MAP2K2*JAK2,613
MAP2K2*JAK3,922
MAP2K2*TYK2,917
MAP2K2*FYN,426
MAP2K2*LCK,924
MAP2K2*SRC,701
MAP2K2*LRRK2,489
MAP2K2*MAP3K7,850
MAP2K2*ARAF,995
MAP2K2*BRAF,996
MAP2K2*KSR1,993
MAP2K2*RAF1,997
MAP2K2*KSR2,903
MAP2K2*CNKSR2,725
MAP2K5*MAP3K8,924
MAP2K5*MAP3K14,450
MAP2K5*NTRK1,919
MAP2K5*RAF1,425
MAP2K6*MAP2K3,974
MAP2K6*MAP2K4,864
MAP2K6*ABL1,904
MAP2K6*JAK1,908
MAP2K6*IRAK1,932
MAP2K6*IRAK2,928
MAP2K6*LRRK2,610
MAP2K6*MAP3K9,914
MAP2K6*MAP3K10,922
MAP2K6*MAP3K11,924
MAP2K6*MAP3K20,935
MAP2K6*MAP3K7,993
MAP2K6*NR2C2,900
MAP2K6*BRAF,921
MAP2K6*RIPK1,907
MAP2K6*RIPK2,906
MAP2K7*MAP2K4,961
MAP2K7*MAP3K8,936
MAP2K7*ALK,513
MAP2K7*FGFR1,415
MAP2K7*KIT,421
MAP2K7*PDGFRB,414
MAP2K7*RET,427
MAP2K7*FYN,927
MAP2K7*SRC,412
MAP2K7*NTRK1,646
MAP2K7*NTRK3,406
MAP2K7*FLT1,502
MAP2K7*FLT4,490
MAP2K7*KDR,528
MAP2K7*IRAK1,919
MAP2K7*IRAK2,913
MAP2K7*LRRK2,608
MAP2K7*MAP3K13,952
MAP2K7*MAP3K10,880
MAP2K7*MAP3K11,969
MAP2K7*MAP3K20,913
MAP2K7*MAP3K7,984
MAP2K7*ARAF,436
MAP2K7*BRAF,687
MAP2K7*KSR1,493
MAP2K7*RAF1,505
MAP2K7*RIPK1,917
MAP2K7*RIPK2,911
MAP2K7*TGFBR1,458
MAP2K3*MAP2K4,820
MAP2K3*EPHA2,496
MAP2K3*PTK2B,904
MAP2K3*FGFR4,486
MAP2K3*PDGFRA,490
MAP2K3*SRC,926
MAP2K3*IRAK1,947
MAP2K3*IRAK2,928
MAP2K3*LRRK2,798
MAP2K3*MAP3K10,929
MAP2K3*MAP3K11,932
MAP2K3*MAP3K7,930
MAP2K3*BRAF,921
MAP2K3*RIPK1,912
MAP2K3*RIPK2,911
MAP2K4*MAP3K8,941
MAP2K4*FLT4,906
MAP2K4*IRAK1,918
MAP2K4*IRAK2,916
MAP2K4*LRRK2,400
MAP2K4*MAP3K9,928
MAP2K4*MAP3K10,481
MAP2K4*MAP3K11,949
MAP2K4*MAP3K7,967
MAP2K4*RIPK1,911
MAP2K4*RIPK2,910
MAP3K8*MAP4K4,910
MAP3K8*MAP3K14,954
MAP3K8*EGFR,406
MAP3K8*IRAK1,402
MAP3K8*KSR2,484
MAP3K8*RIPK1,424
MAP4K4*EPHB1,908
MAP4K4*EPHB2,906
MAP4K4*IRAK1,916
MAP4K4*MAP3K7,939
MAP4K4*RIPK1,909
MAP3K14*CSF1R,418
MAP3K14*IRAK1,401
MAP3K14*LRRK1,450
MAP3K14*MAP3K7,957
MAP3K14*RIPK1,935
ABL1*ABL2,948
ABL1*EGFR,890
ABL1*EPHA1,828
ABL1*EPHA2,834
ABL1*EPHA3,865
ABL1*EPHA4,834
ABL1*EPHA5,815
ABL1*EPHA8,813
ABL1*EPHB1,814
ABL1*EPHB2,865
ABL1*EPHB3,822
ABL1*EPHB4,834
ABL1*EPHB6,804
ABL1*EPHA7,818
ABL1*EPHA6,801
ABL1*JAK1,654
ABL1*JAK2,467
ABL1*FLT3,424
ABL1*KIT,536
ABL1*PDGFRB,952
ABL1*BLK,907
ABL1*FGR,907
ABL1*FYN,915
ABL1*HCK,951
ABL1*LCK,907
ABL1*LYN,908
ABL1*SRC,970
ABL1*YES1,905
ABL1*NTRK1,964
ABL1*NTRK2,847
ABL1*NTRK3,828
ABL1*LRRK1,429
ABL2*EGFR,751
ABL2*FLT3,754
ABL2*PDGFRB,483
ABL2*ACTR2,455
ALK*MERTK,433
ALK*PTK7,476
ALK*MATK,419
ALK*EGFR,588
ALK*EPHA8,468
ALK*EPHB3,444
ALK*FES,419
ALK*FGFR1,547
ALK*FGFR2,541
ALK*JAK1,837
ALK*JAK2,889
ALK*JAK3,922
ALK*MET,509
ALK*MST1R,519
ALK*KIT,576
ALK*RET,612
ALK*SRC,485
ALK*ACVR1B,711
ALK*TGFBR1,817
ALK*ACVR1C,602
ALK*TGFBR2,667
LTK*EGFR,497
AXL*MERTK,465
AXL*DDR1,505
AXL*DDR2,483
AXL*EGFR,825
AXL*JAK1,826
AXL*JAK2,831
AXL*MET,479
AXL*MST1R,416
AXL*KIT,537
AXL*PDGFRB,411
AXL*RET,535
AXL*ROR1,440
AXL*SRC,922
AXL*BTK,450
AXL*TEC,411
AXL*TXK,412
AXL*NTRK1,582
AXL*FLT4,487
AXL*KDR,770
MERTK*PTK7,408
MERTK*DDR1,439
MERTK*FES,412
MERTK*FGFR1,436
MERTK*FGFR2,404
MERTK*MST1R,467
MERTK*KIT,472
MERTK*RET,439
MERTK*BTK,428
MERTK*TXK,408
MERTK*NTRK1,483
MERTK*FLT4,401
TYRO3*SRC,425
PTK7*FES,425
PTK7*FGFR1,452
PTK7*MET,732
PTK7*MST1R,744
PTK7*RYK,530
PTK7*FLT1,437
CSK*EGFR,981
CSK*PTK2,939
CSK*IGF1R,407
CSK*FLT3,649
CSK*BLK,923
CSK*FGR,926
CSK*FYN,981
CSK*HCK,931
CSK*LCK,955
CSK*LYN,930
CSK*SRC,992
CSK*YES1,937
CSK*FRK,688
CSK*ZAP70,940
CSK*FLT1,910
CSK*FLT4,909
CSK*KDR,916
CSK*ARAF,670
CSK*BRAF,658
CSK*KSR1,571
CSK*RAF1,670
CSK*KSR2,574
CSK*CNKSR2,553
MATK*EGFR,723
MATK*EPHA8,409
MATK*PTK2B,404
MATK*MST1R,421
MATK*KIT,970
MATK*SRC,546
MATK*NTRK1,937
MATK*NTRK2,808
MATK*NTRK3,808
DDR1*EPHA2,485
DDR1*EPHB4,460
DDR1*KIT,503
DDR1*ROR1,415
DDR1*SRC,423
DDR1*BTK,453
DDR1*TXK,456
DDR1*BMX,429
DDR1*NTRK1,554
DDR1*FLT4,433
DDR1*ACVR1B,493
DDR2*EGFR,459
DDR2*EPHB4,405
DDR2*KIT,474
DDR2*PDGFRA,527
DDR2*PDGFRB,522
DDR2*SRC,589
DDR2*NTRK1,457
EGFR*EPHA2,608
EGFR*EPHB4,552
EGFR*PTK2,973
EGFR*PTK2B,980
EGFR*FER,567
EGFR*FES,505
EGFR*FGFR1,465
EGFR*FGFR2,477
EGFR*FGFR3,454
EGFR*IGF1R,808
EGFR*INSR,651
EGFR*JAK1,949
EGFR*JAK2,974
EGFR*JAK3,870
EGFR*TYK2,718
EGFR*MET,946
EGFR*MST1R,501
EGFR*CSF1R,419
EGFR*KIT,496
EGFR*PDGFRA,958
EGFR*PDGFRB,946
EGFR*RET,824
EGFR*ROR1,534
EGFR*ROS1,585
EGFR*BLK,977
EGFR*PTK6,906
EGFR*FGR,968
EGFR*FYN,938
EGFR*HCK,985
EGFR*LCK,932
EGFR*LYN,981
EGFR*SRC,995
EGFR*YES1,976
EGFR*FRK,769
EGFR*SYK,526
EGFR*ZAP70,783
EGFR*ITK,707
EGFR*BMX,459
EGFR*NTRK1,486
EGFR*NTRK2,826
EGFR*FLT1,574
EGFR*FLT4,545
EGFR*KDR,629
EGFR*IRAK1,420
EGFR*LRRK2,725
EGFR*LRRK1,459
EGFR*ARAF,431
EGFR*BRAF,557
EGFR*RAF1,788
EGFR*RIPK1,471
EGFR*ACVR1B,454
EGFR*TGFBR1,637
EGFR*TGFBR2,564
EPHA1*EPHA2,980
EPHA1*EPHA3,906
EPHA1*EPHA4,907
EPHA1*EPHB1,630
EPHA1*EPHB2,630
EPHA1*EPHB3,628
EPHA1*EPHB4,645
EPHA1*EPHB6,638
EPHA1*BLK,904
EPHA1*FGR,906
EPHA1*FYN,918
EPHA1*HCK,906
EPHA1*LCK,911
EPHA1*LYN,907
EPHA1*SRC,914
EPHA1*YES1,906
EPHA2*EPHA3,905
EPHA2*EPHA4,917
EPHA2*EPHB1,625
EPHA2*EPHB2,637
EPHA2*EPHB3,635
EPHA2*EPHB4,663
EPHA2*EPHB6,637
EPHA2*EPHA7,575
EPHA2*PTK2,954
EPHA2*MET,481
EPHA2*BLK,903
EPHA2*FGR,906
EPHA2*FYN,912
EPHA2*HCK,912
EPHA2*LCK,910
EPHA2*LYN,910
EPHA2*SRC,927
EPHA2*YES1,914
EPHA2*CNKSR2,446
EPHA3*EPHA4,904
EPHA3*EPHA5,905
EPHA3*EPHA8,446
EPHA3*EPHB1,611
EPHA3*EPHB2,610
EPHA3*EPHB3,612
EPHA3*EPHB4,678
EPHA3*EPHB6,621
EPHA3*EPHA7,967
EPHA3*EPHA6,906
EPHA3*BLK,902
EPHA3*FGR,905
EPHA3*FYN,933
EPHA3*HCK,906
EPHA3*LCK,906
EPHA3*LYN,907
EPHA3*SRC,938
EPHA3*YES1,908
EPHA4*EPHA5,907
EPHA4*EPHA8,452
EPHA4*EPHB1,632
EPHA4*EPHB2,665
EPHA4*EPHB3,621
EPHA4*EPHB4,679
EPHA4*EPHB6,631
EPHA4*EPHA7,917
EPHA4*EPHA6,907
EPHA4*FGFR1,710
EPHA4*FGFR2,441
EPHA4*FGFR3,466
EPHA4*FGFR4,512
EPHA4*JAK2,405
EPHA4*BLK,902
EPHA4*FGR,904
EPHA4*FYN,956
EPHA4*HCK,904
EPHA4*LCK,905
EPHA4*LYN,916
EPHA4*SRC,939
EPHA4*YES1,908
EPHA5*EPHA8,452
EPHA5*EPHB1,630
EPHA5*EPHB2,609
EPHA5*EPHB3,611
EPHA5*EPHB4,676
EPHA5*EPHB6,630
EPHA5*EPHA7,909
EPHA5*EPHA6,914
EPHA5*BLK,902
EPHA5*FGR,903
EPHA5*FYN,911
EPHA5*HCK,903
EPHA5*LCK,903
EPHA5*LYN,904
EPHA5*SRC,910
EPHA5*YES1,908
EPHA8*EPHB1,689
EPHA8*EPHB2,687
EPHA8*EPHB3,765
EPHA8*EPHB4,763
EPHA8*EPHB6,636
EPHA8*EPHA7,518
EPHA8*FES,402
EPHA8*FGFR2,445
EPHA8*TEC,402
EPHA8*TXK,411
EPHA8*BMX,435
EPHB1*EPHB2,903
EPHB1*EPHB4,438
EPHB1*EPHB6,468
EPHB1*EPHA7,626
EPHB1*EPHA10,631
EPHB1*EPHA6,621
EPHB1*PTK2,914
EPHB1*BLK,903
EPHB1*FGR,904
EPHB1*FYN,914
EPHB1*HCK,905
EPHB1*LCK,906
EPHB1*LYN,906
EPHB1*SRC,915
EPHB1*YES1,909
EPHB1*MAP3K7,901
EPHB2*EPHB4,429
EPHB2*EPHA7,618
EPHB2*EPHA10,623
EPHB2*EPHA6,615
EPHB2*PTK2,947
EPHB2*RYK,468
EPHB2*BLK,902
EPHB2*FGR,903
EPHB2*FYN,914
EPHB2*HCK,904
EPHB2*LCK,905
EPHB2*LYN,905
EPHB2*SRC,974
EPHB2*YES1,930
EPHB2*MAP3K7,901
EPHB3*EPHB4,577
EPHB3*EPHA7,612
EPHB3*EPHA10,625
EPHB3*EPHA6,617
EPHB3*FGFR2,451
EPHB3*MST1R,484
EPHB3*RYK,527
EPHB3*FYN,774
EPHB3*SRC,663
EPHB4*EPHB6,501
EPHB4*EPHA7,705
EPHB4*EPHA10,631
EPHB4*EPHA6,618
EPHB4*FYN,651
EPHB4*SRC,669
EPHB4*BMX,405
EPHB6*EPHA7,631
EPHB6*EPHA10,647
EPHB6*EPHA6,633
EPHB6*FYN,625
EPHB6*SRC,634
EPHA7*EPHA6,915
EPHA7*BLK,902
EPHA7*FGR,903
EPHA7*FYN,911
EPHA7*HCK,902
EPHA7*LCK,904
EPHA7*LYN,903
EPHA7*SRC,911
EPHA7*YES1,908
EPHA10*LRRK1,459
EPHA6*BLK,902
EPHA6*FGR,903
EPHA6*FYN,903
EPHA6*HCK,903
EPHA6*LCK,902
EPHA6*LYN,903
EPHA6*SRC,905
EPHA6*YES1,903
PTK2*PTK2B,942
PTK2*IGF1R,888
PTK2*JAK2,958
PTK2*MET,865
PTK2*MUSK,905
PTK2*PDGFRA,832
PTK2*PDGFRB,877
PTK2*RET,976
PTK2*BLK,913
PTK2*FGR,935
PTK2*FYN,980
PTK2*HCK,936
PTK2*LCK,949
PTK2*LYN,974
PTK2*SRC,994
PTK2*YES1,986
PTK2*SYK,960
PTK2*BMX,943
PTK2*TEK,504
PTK2*FLT1,974
PTK2*FLT4,935
PTK2*KDR,932
PTK2B*FGFR2,436
PTK2B*FGFR3,941
PTK2B*JAK1,941
PTK2B*JAK2,426
PTK2B*JAK3,950
PTK2B*MUSK,904
PTK2B*BLK,917
PTK2B*FGR,926
PTK2B*FYN,988
PTK2B*HCK,922
PTK2B*LCK,940
PTK2B*LYN,943
PTK2B*SRC,984
PTK2B*YES1,927
PTK2B*SYK,946
PTK2B*ZAP70,410
PTK2B*FLT1,402
PTK2B*KDR,919
FER*KIT,938
FER*LYN,914
FER*YES1,827
FER*SYK,916
FES*FGFR1,410
FES*FGFR2,414
FES*JAK1,929
FES*JAK3,935
FES*CSF1R,440
FES*KIT,808
FES*RET,425
FES*PTK6,418
FES*FGR,411
FES*FYN,685
FES*TEK,916
FES*KDR,921
FES*LIMK1,903
FGFR1*FGFR2,747
FGFR1*FGFR3,518
FGFR1*FGFR4,521
FGFR1*JAK2,485
FGFR1*MET,450
FGFR1*MST1R,480
FGFR1*FLT3,597
FGFR1*KIT,512
FGFR1*PDGFRB,450
FGFR1*RET,508
FGFR1*ROR1,436
FGFR1*SRC,544
FGFR1*YES1,433
FGFR1*BTK,446
FGFR1*TEC,402
FGFR1*TXK,438
FGFR1*NTRK1,542
FGFR1*FLT1,524
FGFR1*FLT4,510
FGFR1*KDR,529
FGFR1*TGFBR2,400
FGFR2*FGFR3,971
FGFR2*FGFR4,905
FGFR2*JAK1,833
FGFR2*JAK2,848
FGFR2*MET,445
FGFR2*MST1R,495
FGFR2*FLT3,570
FGFR2*KIT,502
FGFR2*RET,502
FGFR2*FYN,430
FGFR2*SRC,947
FGFR2*KDR,402
FGFR2*BRAF,411
FGFR3*FGFR4,907
FGFR3*JAK1,833
FGFR3*JAK2,848
FGFR3*FLT3,576
FGFR3*SRC,929
FGFR4*FLT3,551
FGFR4*ROS1,445
IGF1R*INSR,971
IGF1R*INSRR,906
IGF1R*JAK1,873
IGF1R*JAK2,933
IGF1R*SRC,959
IGF1R*KDR,410
IGF1R*RAF1,923
INSR*INSRR,930
INSR*JAK1,509
INSR*JAK2,554
INSR*LCK,523
INSR*SRC,689
JAK1*JAK2,933
JAK1*JAK3,950
JAK1*TYK2,949
JAK1*MET,836
JAK1*PDGFRA,934
JAK1*PDGFRB,875
JAK1*FYN,920
JAK1*HCK,909
JAK1*LCK,915
JAK1*SYK,933
JAK1*BTK,406
JAK1*KDR,842
JAK1*MAP3K11,902
JAK1*RAF1,459
JAK2*JAK3,946
JAK2*TYK2,934
JAK2*MET,843
JAK2*FLT3,417
JAK2*KIT,965
JAK2*PDGFRA,867
JAK2*PDGFRB,947
JAK2*FYN,730
JAK2*LCK,916
JAK2*LYN,880
JAK2*SRC,956
JAK2*YES1,740
JAK2*BTK,923
JAK2*TEC,949
JAK2*KDR,866
JAK2*MAP3K11,904
JAK2*ARAF,480
JAK2*BRAF,474
JAK2*KSR1,916
JAK2*RAF1,744
JAK3*TYK2,933
JAK3*KIT,483
JAK3*PDGFRA,716
JAK3*PDGFRB,688
JAK3*FYN,918
JAK3*LCK,940
JAK3*SYK,923
JAK3*ARAF,430
TYK2*PDGFRA,654
TYK2*PDGFRB,730
TYK2*FYN,450
TYK2*LCK,908
TYK2*BRAF,425
MET*KIT,476
MET*PDGFRB,410
MET*RET,474
MET*ROS1,476
MET*SRC,982
MET*NTRK1,515
MET*KDR,702
MST1R*KIT,483
MST1R*RET,515
MST1R*SRC,417
MST1R*NTRK1,464
MUSK*SRC,913
MUSK*ACVR1B,468
CSF1R*FGR,641
CSF1R*FYN,516
CSF1R*HCK,645
CSF1R*LYN,440
CSF1R*SRC,836
CSF1R*YES1,545
CSF1R*SYK,413
FLT3*FGR,469
FLT3*FYN,620
FLT3*HCK,779
FLT3*LCK,673
FLT3*LYN,434
FLT3*SRC,499
FLT3*SYK,833
KIT*RET,425
KIT*ROS1,425
KIT*FYN,786
KIT*HCK,417
KIT*LCK,778
KIT*LYN,974
KIT*SRC,787
KIT*YES1,779
KIT*BTK,586
KIT*TEC,966
KIT*TXK,522
KIT*NTRK1,436
KIT*FLT1,530
KIT*FLT4,517
KIT*KDR,472
KIT*BMPR2,655
PDGFRA*PDGFRB,983
PDGFRA*SRC,849
PDGFRA*TGFBR2,507
PDGFRB*BLK,910
PDGFRB*FGR,918
PDGFRB*FYN,980
PDGFRB*HCK,918
PDGFRB*LCK,919
PDGFRB*LYN,921
PDGFRB*SRC,991
PDGFRB*YES1,936
PDGFRB*KDR,570
PDGFRB*ARAF,410
PDGFRB*RAF1,786
PDGFRB*ACVRL1,419
PDGFRB*TGFBR1,432
PDGFRB*ACTR2,900
PDGFRB*TGFBR2,476
RET*ROR1,404
RET*ROS1,516
RET*HCK,421
RET*SRC,958
RET*NTRK1,566
RET*NTRK2,406
RET*NTRK3,436
RET*FLT1,446
RET*FLT4,544
RET*KDR,466
ROR1*ROR2,906
ROR1*RYK,403
ROR1*BTK,456
ROR1*TEC,403
ROR1*TXK,408
ROR1*NTRK1,508
ROR1*FLT1,420
ROR1*FLT4,415
ROR2*RYK,419
ROR2*NTRK1,408
BLK*FGR,908
BLK*FYN,904
BLK*HCK,906
BLK*LCK,914
BLK*LYN,903
BLK*SRC,903
BLK*YES1,901
BLK*SYK,921
BLK*ZAP70,925
BLK*BTK,920
BLK*ITK,914
PTK6*LRRK2,842
FGR*FYN,902
FGR*HCK,971
FGR*LCK,906
FGR*LYN,935
FGR*SRC,919
FGR*YES1,945
FGR*SYK,967
FGR*ZAP70,922
FGR*BTK,939
FGR*ITK,909
FYN*HCK,905
FYN*LCK,930
FYN*LYN,905
FYN*SRC,996
FYN*YES1,994
FYN*SYK,942
FYN*ZAP70,942
FYN*BTK,954
FYN*ITK,955
FYN*BMX,907
FYN*TEK,913
FYN*NTRK2,796
FYN*FLT1,421
FYN*KDR,957
FYN*LIMK1,928
FYN*MAP3K11,904
FYN*RAF1,952
HCK*LCK,906
HCK*LYN,934
HCK*SRC,928
HCK*YES1,902
HCK*SYK,942
HCK*ZAP70,918
HCK*BTK,954
HCK*ITK,912
HCK*FLT1,531
LCK*LYN,929
LCK*SRC,906
LCK*YES1,923
LCK*SYK,983
LCK*ZAP70,995
LCK*BTK,914
LCK*ITK,955
LCK*BMX,927
LCK*RAF1,432
LYN*SRC,949
LYN*YES1,903
LYN*SYK,967
LYN*ZAP70,919
LYN*BTK,957
LYN*ITK,909
LYN*TEC,949
LYN*TXK,631
LYN*RAF1,938
SRC*YES1,979
SRC*SYK,975
SRC*ZAP70,922
SRC*BTK,941
SRC*ITK,932
SRC*BMX,932
SRC*NTRK2,927
SRC*NTRK3,653
SRC*FLT1,930
SRC*FLT4,935
SRC*KDR,992
SRC*ILK,455
SRC*ARAF,610
SRC*BRAF,648
SRC*KSR1,627
SRC*RAF1,940
SRC*KSR2,583
SRC*CNKSR2,615
SRC*ACTR2,522
YES1*SYK,915
YES1*ZAP70,909
YES1*BTK,937
YES1*ITK,904
YES1*BMX,906
YES1*FLT1,407
SYK*ZAP70,907
SYK*BTK,973
SYK*ITK,938
SYK*TEC,576
SYK*TXK,590
SYK*MAP3K7,402
ZAP70*BTK,932
ZAP70*ITK,975
ZAP70*IRAK4,404
BTK*ITK,921
BTK*TEC,899
BTK*TXK,590
BTK*NTRK1,444
BTK*FLT1,424
BTK*FLT4,423
BTK*IRAK1,468
BTK*ACVR1B,409
ITK*TEC,803
ITK*TXK,845
TEC*TXK,586
TEC*NTRK1,404
TEC*ACVR1B,409
TXK*NTRK1,418
TXK*FLT1,400
TXK*FLT4,401
BMX*TEK,920
BMX*NTRK1,418
BMX*KDR,419
TEK*TIE1,455
TEK*NTRK1,464
TEK*FLT1,433
TEK*KDR,571
NTRK1*NTRK2,906
NTRK1*FLT1,561
NTRK1*FLT4,538
NTRK1*KDR,531
NTRK1*MAP3K13,446
NTRK1*BRAF,715
FLT1*FLT4,984
FLT1*KDR,998
FLT4*KDR,988
FLT4*BMPR2,429
KDR*ACVRL1,508
KDR*TGFBR1,489
KDR*BMPR2,400
IRAK1*IRAK2,980
IRAK1*IRAK3,984
IRAK1*IRAK4,991
IRAK1*MAP3K7,988
IRAK1*RIPK2,932
IRAK2*IRAK3,977
IRAK2*IRAK4,996
IRAK2*MAP3K7,710
IRAK2*RIPK1,453
IRAK2*RIPK2,664
IRAK3*IRAK4,957
IRAK4*MAP3K7,854
LIMK2*LIMK1,950
LIMK1*BMPR1B,814
LIMK1*ACTR2,464
LIMK1*BMPR2,914
LRRK2*LRRK1,706
LRRK2*RIPK1,436
LRRK2*RIPK2,464
LRRK2*RIPK4,510
LRRK2*ACTR2,638
ILK*RAF1,537
DLK1*MAP3K13,400
MAP3K11*ARAF,904
MAP3K11*BRAF,906
MAP3K11*KSR1,908
MAP3K11*RAF1,913
MAP3K7*NR2C2,911
MAP3K7*RIPK1,989
MAP3K7*RIPK2,949
MAP3K7*BMPR1A,908
MAP3K7*TGFBR1,976
MAP3K7*BMPR1B,909
MAP3K7*BMPR2,908
MAP3K7*TGFBR2,940
NR2C2*TGFBR1,903
NR2C2*TGFBR2,904
ARAF*BRAF,974
ARAF*KSR1,720
ARAF*RAF1,923
ARAF*KSR2,759
ARAF*CNKSR2,780
BRAF*KSR1,974
BRAF*RAF1,993
BRAF*KSR2,815
BRAF*CNKSR2,773
KSR1*RAF1,984
KSR1*KSR2,809
KSR1*CNKSR2,936
RAF1*KSR2,805
RAF1*CNKSR2,935
KSR2*CNKSR2,721
RIPK1*RIPK2,463
RIPK1*RIPK3,997
RIPK1*MLKL,844
RIPK3*MLKL,989
ACVRL1*TGFBR1,949
ACVRL1*BMPR2,927
ACVRL1*TGFBR2,975
BMPR1A*BMPR1B,927
BMPR1A*ACTR2,545
BMPR1A*AMHR2,852
BMPR1A*BMPR2,961
ACVR1B*TGFBR1,562
ACVR1B*ACVR1C,735
ACVR1B*BMPR2,407
TGFBR1*ACVR1C,551
TGFBR1*ACTR2,457
TGFBR1*BMPR2,602
TGFBR1*TGFBR2,998
BMPR1B*ACTR2,545
BMPR1B*BMPR2,960
AMHR2*BMPR2,819
